,Unnamed: 0,Órden,Familia,Nombre Común,Nombre Inglés,Nombre Portugués,Nombre Científico,Registros
0,1,Struthioniformes,Tinamidae,Tinamú Tao,Grey Tinamou,Azulona,Tinamus tao,1
1,2,,,Tinamú Olivaceo,Great Tinamou,Inhambu-de-cabeça-vermelha,Tinamus major,1
2,3,,,Tinamú Sombrío,Cinereous Tinamou,Inhambu-preto,Crypturellus cinereus,1
3,4,,,Tinamú Chico,Little Tinamou,Tururim,Crypturellus soui,6
4,5,,,Tataupá Listado,Undulated Tinamou,Jaó,Crypturellus undulatus,3
5,6,,,Tinamú Cejudo,Pale-browed Tinamou,,Crypturellus transfasciatus,5
6,7,Galliformes,Cracidae,Pava Falcialar,Sickle-winged Guan,,Chamaepetes goudotii,5
7,8,,,Pava Andina,Andean Guan,,Penelope montagnii,4
8,9,,,Pava Amazónica,Spix´s Guan,Jacu-de-spix,Penelope jacquacu,4
9,10,,,Pava Crestada,Crested Guan,,Penelope purpurascens,1
10,11,,,Cuyuya,Blue-throated Piping-guan,,Pipile cumanensis,2
11,12,,,Pava Aburria,Wattled Guan,,Aburria aburri,1
12,13,,,Chachalaca Cabecirrufa,Rufous-headed Chachalaca,,Ortalis erythroptera,6
13,14,,,Charata Manchada,Speckled Chachalaca,Aracuã-pintado,Ortalis guttata,8
14,15,,,Paují Nocturno,Nocturnal Curassow,Urumutum,Nothocrax urumutum,1
15,16,,,Pavón Carunculado,Wattled Curassow,Mutum-de-fava,Crax globulosa,1
16,17,,Odontophoridae,Corcovado Dorsioscuro,Dark-backed Wood-quail,,Odontophorus melanonotus,2
17,18,Anseriformes,Anhimidae,Aruco,Horned Screamer,Anhuma,Anhima cornuta,2
18,19,,Anatidae,Sirirí Vientre Negro,Black-bellied Whistling-duck,Marreca-cabocla,Dendrocygna autumnalis,11
19,20,,,Sirirí Colorado,Fulvous Whistling-duck,Marreca-caneleira,Dendrocygna bicolor,7
20,21,,,Pato Fierro,Masked Duck,Marreca-de-bico-roxo,Nomonyx dominicus,1
21,22,,,Pato Zambullidor Grande,Andean Duck,,Oxyura ferruginea,3
22,23,,,Pato Real,Muscovy Duck,Pato-do-mato,Cairina moschata,3
23,24,,,Pato de los Torrentes,Torrent Duck,,Merganetta armata,1
24,25,,,Pato Media Luna,Blue-winged Teal,Marreca-de-asa-azul,Spatula discors,9
25,26,,,Pato Gargantilla,White-cheeked Pintail,Marreca-toicinho,Anas bahamensis,23
26,27,,,Pato Maicero,Yellow-billed Pintail,Marreca-parda,Anas georgica,3
27,28,,,,Andean Teal,,Anas andium,7
28,29,Podicipediformes,Podicipedidae,Macá Gris,Least Grebe,Mergulhão-pequeno,Tachybaptus dominicus,3
29,30,,,Macá Pico Grueso,Pied-billed Grebe,Mergulhão-caçador,Podilymbus podiceps,10
30,31,,,Macá Grande,Great Grebe,Mergulhao-grande o chorona,Podiceps major,1
31,32,Phoenicopteriformes,Phoenicopteridae,Flamenco del Caribe,American Flamingo,Flamingo,Phoenicopterus ruber,15
32,33,,,Flamenco Austral,Chilean Flamingo,Flamingo-chileno,Phoenicopterus chilensis,7
33,34,Phaethontiformes,Phaethontidae,Ave del Trópico de Pico Rojo,Red-billed Tropicbird,Rabo-de-palha-de-bico-vermelho,Phaethon aethereus,18
34,35,Eurypygiformes,Eurypygidae,Garza del Sol,Sunbittern,Pavãozinho-do-pará,Eurypyga helias,3
35,36,Columbiformes,Columbidae,Paloma Doméstica,Rock Dove,Pombo-doméstico,Columba livia,15
36,37,,,Paloma Trocal,Scaled Pigeon,Pomba-trocal,Patagioenas speciosa,5
37,38,,,Paloma Nuca Blanca,Southern Band-tailed Pigeon,Pomba-de-coleira-branca,Patagioenas albilinea,14
38,39,,,Paloma Colorada,Pale-vented Pigeon,Pomba-galega,Patagioenas cayennensis,18
39,40,,,Paloma Plomiza,Plumbeous Pigeon,Pomba-amargosa,Patagioenas plumbea,8
40,41,,,Paloma Vinosa,Ruddy Pigeon,Pomba-botafogo,Patagioenas subvinacea,11
41,42,,,Paloma Montera Castaña,Ruddy Quail-dove,Pariri,Geotrygon montana,1
42,43,,,Yerutí Común,White-tipped Dove,Juriti-pupu,Leptotila verreauxi,22
43,44,,,Yerutí Colorada,Grey-fronted Dove,Juriti-gemedeira,Leptotila rufaxilla,3
44,45,,,Paloma Montaraz Pálida,Pallid Dove,,Leptotila pallida,2
45,46,,,Paloma Montera Grande,White-throated Quail-dove,,Zentrygon frenata,1
46,47,,,Torcaza Ala Blanca,West Peruvian Dove,,Zenaida meloda,5
47,48,,,Paloma de Galápagos,Galapagos Dove,,Zenaida galapagoensis,20
48,49,,,Torcaza Común,Eared Dove,Avoante,Zenaida auriculata,21
49,50,,,Torcacita Enana,Plain-breasted Ground-dove,Rolinha-de-asa-canela,Columbina minuta,1
50,51,,,Columbina Ecuatoriana,Ecuadorian Ground-dove,,Columbina buckleyi,24
51,52,,,Torcacita Colorada,Ruddy Ground-dove,Rolinha-roxa,Columbina talpacoti,5
52,53,,,Tortolita Peruana,Croaking Ground-dove,,Columbina cruziana,15
53,54,,,Palomita Azulada,Blue Ground-dove,Pararu-azul,Claravis pretiosa,3
54,55,,,Palomita Cordillerana,Black-winged Ground-dove,,Metriopelia melanoptera,1
55,56,Caprimulgiformes,Steatornithidae,Guácharo,Oilbird,Guácharo,Steatornis caripensis,4
56,57,,Nyctibiidae,,,,Nyctibius sp.,1
57,58,,,Nictibio Grande,Great Potoo,Mãe-da-lua-gigante,Nyctibius grandis,2
58,59,,,Urutaú Común,Common Potoo,Urutau,Nyctibius griseus,9
59,60,,Caprimulgidae,Añapero Chico,Lesser Nighthawk,Bacurau-de-asa-fina,Chordeiles acutipennis,2
60,61,,,Añapero Ventrirrufo,Rufous-bellied Nighthawk,,Lurocalis rufiventris,1
61,62,,,Chotacabras Negruzco,Blackish Nightjar,,Nyctipolus nigrescens,1
62,63,,,Atajacaminos Ñañarca,Greater Band-winged Nightjar,,Systellura longirostris,3
63,64,,,Curiango,Pauraque,Bacurau,Nyctidromus albicollis,9
64,65,,,Atajacaminos Lira,Lyre-tailed Nightjar,,Uropsalis lyra,5
65,66,,Apodidae,Vencejo Cuellirrojo,Chestnut-collared Swift,,Streptoprocne rutila,4
66,67,,,Vencejo de Collar,White-collared Swift,Taperuçu-de-coleira-branca,Streptoprocne zonaris,10
67,68,,,Vencejo Chico,Grey-rumped Swift,Andorinhão-de-sobre-cinzento,Chaetura cinereiventris,3
68,69,,,Vencejo Rabón,Short-tailed Swift,Andorinhão-de-rabo-curto,Chaetura brachyura,4
69,70,,,Vencejo de las Palmeras,Fork-tailed Palm-swift,Andorinhão-do-buriti,Tachornis squamata,1
70,71,,,Vencejo Tijereta,Lesser Swallow-tailed Swift,Andorinhão-estofador,Panyptila cayennensis,2
71,72,,Trochilidae,Topacio Candela de Cola Morada,Fiery Topaz,Topázio-de-fogo,Topaza pyra,1
72,73,,,Colibrí Nuca Blanca,White-necked Jacobin,Beija-flor-azul-de-rabo-branco,Florisuga mellivora,20
73,74,,,Ermitaño Canelo,Rufous-breasted Hermit,Balança-rabo-de-bico-torto,Glaucis hirsutus,1
74,75,,,Ermitaño de Yaruqui,White-whiskered Hermit,,Phaethornis yaruqui,11
75,76,,,Ermitaño Verde,Green Hermit,,Phaethornis guy,5
76,77,,,Ermitaño Ventrihabano,Tawny-bellied Hermit,,Phaethornis syrmatophorus,7
77,78,,,Ermitaño Picogrande,Great-billed Hermit,Besourão-de-bico-grande,Phaethornis malaris,1
78,79,,,Ermitaño Barbigrís,Grey-chinned Hermit,,Phaethornis griseogularis,1
79,80,,,Colibrí Picolanza Mayor,Green-fronted Lancebill,,Doryfera ludovicae,3
80,81,,,,Western Wedge-billed Hummingbird,,Schistes albogularis,1
81,82,,,,Eastern Wedge-billed Hummingbird,,Schistes geoffroyi,3
82,83,,,Colibrí Grande,Sparkling Violet-ear,Beija-flor-violeta,Colibri coruscans,28
83,84,,,Colibrí Pardo,Brown Violet-ear,Beija-flor-marrom,Colibri delphinae,19
84,85,,,Colibrí Chico,Green Violet-ear,,Colibri thalassinus,6
85,86,,,Colibrí Picopunzón,Purple-crowned Fairy,,Heliothryx barroti,2
86,87,,,Picaflor Vientre Negro,Black-throated Mango,Beija-flor-de-veste-preta,Anthracothorax nigricollis,3
87,88,,,Angel Gorgiamatista,Amethyst-throated Sunangel,,Heliangelus amethysticollis,2
88,89,,,Colibrí Pectoral,Gorgeted Sunangel,,Heliangelus strophianus,7
89,90,,,Angel gorgiturmalina,Tourmaline Sunangel,,Heliangelus exortis,3
90,91,,,,Little Sunangel,,Heliangelus micraster,1
91,92,,,,Wire-crested Thorntail,,Discosura popelairii,6
92,93,,,Rabudito Verde,Green Thorntail,,Discosura conversii,12
93,94,,,Coqueta Coronada,Spangled Coquette,,Lophornis stictolophus,1
94,95,,,Colibrí Colipinto Ecuatoriano,Ecuadorian Piedtail,,Phlogophilus hemileucurus,1
95,96,,,Picaflor Yungueño,Speckled Hummingbird,,Adelomyia melanogenys,11
96,97,,,Silfo Coliverde,Long-tailed Sylph,,Aglaiocercus kingii,7
97,98,,,Silfo Celeste,Violet-tailed Sylph,,Aglaiocercus coelestis,15
98,99,,,Colibrí del Chimborazo,Ecuadorian Hillstar,,Oreotrochilus chimborazo,6
99,100,,,Cometa Colinegro,Black-tailed Trainbearer,,Lesbia victoriae,11
100,101,,,Cometa Coliverde,Green-tailed Trainbearer,,Lesbia nuna,1
101,102,,,Colibrí Capirrufo,Rufous-capped Thornbill,,Chalcostigma ruficeps,1
102,103,,,Colibrí de Stanley,Blue-mantled Thornbill,,Chalcostigma stanleyi,1
103,104,,,Colibrí de Herrán,Rainbow-bearded Thornbill,,Chalcostigma herrani,1
104,105,,,Metalura Colirroja,Tyrian Metaltail,,Metallura tyrianthina,11
105,106,,,Metalura Verde,Viridian Metaltail,,Metallura williami,3
106,107,,,Calzadito Colilargo Norteño,Sapphire-vented Puffleg,,Eriocnemis luciani,3
107,108,,,Colibrí Paramuno,Shining Sunbeam,,Aglaeactis cupripennis,5
108,109,,,Inca Bronceado,Bronzy Inca,,Coeligena coeligena,1
109,110,,,Inca Pardo,Brown Inca,,Coeligena wilsoni,9
110,111,,,Inca Collarejo,Collared Inca,,Coeligena torquata,9
111,112,,,Inca Arcoiris,Rainbow Starfrontlet,,Coeligena iris,1
112,113,,,Inca Alihabano,Buff-winged Starfrontlet,,Coeligena lutetiae,6
113,114,,,Colibrí Picoespada,Sword-billed Hummingbird,,Ensifera ensifera,5
114,115,,,Alizafiro Grande,Great Sapphirewing,,Pterophanes cyanopterus,2
115,116,,,Colibrí Colihabano,Buff-tailed Coronet,,Boissonneaua flavescens,12
116,117,,,Colibrí Pechirojo,Chestnut-breasted Coronet,,Boissonneaua matthewsii,5
117,118,,,Colibrí Sietecolores,Velvet-purple Coronet,,Boissonneaua jardini,9
118,119,,,Cola de Raqueta,Booted Racket-tail,,Ocreatus underwoodii,21
119,120,,,Colibrí de Bouguer,Rufous-gaped Hillstar,,Urochroa bougueri,4
120,121,,,Colibrí Puntablanca Occidental,Purple-bibbed Whitetip,,Urosticte benjamini,7
121,122,,,Colibrí Puntablanca Oriental,Rufous-vented Whitetip,,Urosticte ruficrissa,2
122,123,,,Brillante Ventrinegro,Black-throated Brilliant,Brilhante-de-garganta-preta,Heliodoxa schreibersii,2
123,124,,,Brillante Pechicastaño,Gould´s Brilliant,Beija-flor-estrela,Heliodoxa aurescens,3
124,125,,,Diamante Pechigamuza,Fawn-breasted Brilliant,,Heliodoxa rubinoides,16
125,126,,,Brillante Coroniverde,Green-crowned Brilliant,,Heliodoxa jacula,13
126,127,,,Brillante Emperador,Empress Brilliant,,Heliodoxa imperatrix,12
127,128,,,Brillante Frentivioleta,Violet-fronted Brilliant,,Heliodoxa leadbeateri,4
128,129,,,Picaflor Gigante,Giant Hummingbird,,Patagona gigas,2
129,130,,,Colibrí Piquilargo,Long-billed Starthroat,Bico-reto-cinzento,Heliomaster longirostris,3
130,131,,,Picaflor Amatista,Amethyst Woodstar,Estrelinha-ametista,Calliphlox amethystina,1
131,132,,,Colibrí Colicorto,Short-tailed Woodstar,,Myrmia micrura,9
132,133,,,Picaflor De Fanny,Purple-collared Woodstar,,Myrtis fanny,1
133,134,,,Rumbito Pechiblanco,White-bellied Woodstar,,Chaetocercus mulsant,9
134,135,,,Estrellita Chica,Little Woodstar,,Chaetocercus bombus,5
135,136,,,,Gorgeted Woodstar,,Chaetocercus heliodor,4
136,137,,,,Esmeraldas Woodstar,,Chaetocercus berlepschi,1
137,138,,,Estrellita Gorjipúrpura,Purple-throated Woodstar,,Philodice mitchellii,15
138,139,,,Esmeralda Coliazul,Blue-tailed Emerald,Esmeralda-de-cauda-azul,Chlorostilbon mellisugus,10
139,140,,,Colibrí Cabeciazul,Violet-headed Hummingbird,,Klais guimeti,4
140,141,,,Colibrí Pechigrís,Grey-breasted Sabrewing,Asa-de-sabre-cinza,Campylopterus largipennis,1
141,142,,,Colibrí del Napo,Napo Sabrewing,,Campylopterus villaviscensio,1
142,143,,,Zafiro Coroniazul,Crowned Woodnymph,,Thalurania colombica,12
143,144,,,Picaflor Zafiro,Fork-tailed Woodnymph,Beija-flor-tesoura-verde,Thalurania furcata,6
144,145,,,Colibrí Moteado,Many-spotted Hummingbird,,Taphrospilus hypostictus,6
145,146,,,Amazilia Rabirrufa,Rufous-tailed Hummingbird,,Amazilia tzacatl,29
146,147,,,Amazilia Andina,Andean Emerald,,Amazilia franciae,20
147,148,,,Amazilia Costeña,Amazilia Hummingbird,,Amazilis amazilia,21
148,149,,,Zafiro De Cola Dorada,Golden-tailed Sapphire,Beija-flor-de-cauda-dourada,Chrysuronia oenone,6
149,150,,,Zafiro Cabeciazul,Gray´s Hummingbird,,Chrysuronia grayi,1
150,151,,,Diamante Gargantiverde,Glittering-throated Emerald,Beija-flor-de-garganta-verde,Chionomesa fimbriata,3
151,152,,,,Spot-vented Emerald,,Chionomesa bartletti,1
152,153,,,Picaflor Cola Castaña,Rufous-throated Hummingbird,Beija-flor-safira,Hylocharis sapphirina,1
153,154,,,Amazilia de Rosenberg,Purple-chested Hummingbird,,Polyerata rosenbergi,1
154,155,,,Colibrí de Julia,Violet-bellied Hummingbird,,Chlorestes julie,3
155,156,Opisthocomiformes,Opisthocomidae,Hoazín,Hoatzin,Cigana,Opisthocomus hoazin,9
156,157,Cuculiformes,Cuculidae,Anó Grande,Greater Ani,Anu-coroca,Crotophaga major,11
157,158,,,Anó Chico,Smooth-billed Ani,Anu-preto,Crotophaga ani,86
158,159,,,Anó Pico Surcado,Groove-billed Ani,,Crotophaga sulcirostris,23
159,160,,,Crespín,Striped Cuckoo,Saci,Tapera naevia,6
160,161,,,Cuco-ardilla Chico,Little Cuckoo,Chincoã-pequeno,Coccycua minuta,5
161,162,,,Tingazú,Common Squirrel-cuckoo,Alma-de-gato,Piaya cayana,18
162,163,,,Cuclillo Canela,Dark-billed Cuckoo,Papa-lagarta-acanelado,Coccyzus melacoryphus,2
163,164,,,Cuclillo Ojo Colorado,Black-billed Cuckoo,Papa-lagarta-de-bico-preto,Coccyzus erythropthalmus,2
164,165,,,Cuclillo Cabecigrís,Grey-capped Cuckoo,,Coccyzus lansbergi,1
165,166,Gruiformes,Heliornithidae,Ipequí,Sungrebe,Picaparra,Heliornis fulica,5
166,167,,Rallidae,Burrito Común,Rufous-sided Crake,Sanã-parda,Laterallus melanophaius,1
167,168,,,Chiricote,Grey-cowled Wood-rail,Saracura-três-potes,Aramides cajaneus,1
168,169,,,Cotara Cuellirrufa,Rufous-necked Wood-rail,,Aramides axillaris,2
169,170,,,Gallineta Negruzca,Blackish Rail,Saracura-sanã,Pardirallus nigricans,1
170,171,,,Gallineta Común,Plumbeous Rail,Saracura-do-banhado,Pardirallus sanguinolentus,1
171,172,,,Polluela Sora,Sora,Sora,Porzana carolina,1
172,173,,,Pollona Azul,Purple Gallinule,Frango-d´água-azul,Porphyrio martinicus,8
173,174,,,Pollona Celeste,Azure Gallinule,Frango-d´água-pequeno,Porphyrio flavirostris,1
174,175,,,Pollona Negra,Common Gallinule,Galinha-dágua,Gallinula galeata,20
175,176,,,Gallareta Andina,Andean Coot,,Fulica ardesiaca,4
176,177,,Psophiidae,Trompetero Aligrís,Grey-winged Trumpeter,Jacamim-de-costas-cinzentas,Psophia crepitans,3
177,178,,Aramidae,Carau,Limpkin,Carão,Aramus guarauna,5
178,179,Sphenisciformes,Spheniscidae,Pingüino de las Galápagos,Galapagos Penguin,,Spheniscus mendiculus,15
179,180,Procellariiformes,Oceanitidae,Golondrina de Mar Chica,White-vented Storm-petrel,,Oceanites gracilis,18
180,181,,Hydrobatidae,,,,Hydrobatidae sp.,6
181,182,,,Golondrina De Mar De Madeira,Band-rumped Storm-petrel,,Hydrobates castro,5
182,183,,,Golondrina de Mar Peruana,Wedge-rumped Storm-petrel,,Hydrobates tethys,10
183,184,,,Golondrina de Mar Negra,Markham´s Storm-petrel,,Hydrobates markhami,2
184,185,,Diomedeidae,Albatros de Galápagos,Waved Albatross,,Phoebastria irrorata,26
185,186,,Procellariidae,Petrel de Galapagos,Galapagos Petrel,,Pterodroma phaeopygia,47
186,187,,,Fardela de Dorso gris,Buller´s Shearwater,,Ardenna bulleri,1
187,188,,,Pardela Oscura,Sooty Shearwater,Bobo-escuro,Ardenna grisea,4
188,189,,,Pardela Pico Rosado,Pink-footed Shearwater,,Ardenna creatopus,2
189,190,,,Pardela de Galápagos,Galapagos Shearwater,,Puffinus subalaris,61
190,191,Pelecaniformes,Threskiornithidae,Espátula Rosada,Roseate Spoonbill,Colhereiro,Platalea ajaja,13
191,192,,,Bandurria Andina,Andean Ibis,,Theristicus branickii,1
192,193,,,Tapicurú,Green Ibis,Coró-coró,Mesembrinibis cayennensis,2
193,194,,,Ibis Blanco,White Ibis,Íbis-branco,Eudocimus albus,16
194,195,,,Ibis Castaña,Glossy Ibis,,Plegadis falcinellus,1
195,196,,Ardeidae,Hocó Colorado,Rufescent Tiger-heron,Socó-boi,Tigrisoma lineatum,8
196,197,,,Hocó Oscuro,Fasciated Tiger-heron,Socó-boi-escuro,Tigrisoma fasciatum,1
197,198,,,Garza Agamí,Agami Heron,Garça-da-mata,Agamia agami,1
198,199,,,Garza Cucharona,Boat-billed Heron,Arapapá,Cochlearius cochlearius,3
199,200,,,Mirasol Chico,Least Bittern,Socoí-vermelho,Ixobrychus exilis,2
200,201,,,Garza Bruja,Black-crowned Night-heron,Socó-dorminhoco,Nycticorax nycticorax,13
201,202,,,Garza Nocturna,Yellow-crowned Night-heron,Savacu-de-coroa,Nyctanassa violacea,31
202,203,,,Garcita Azulada,Green-backed Heron,Socozinho,Butorides striata,56
203,204,,,Garcita Bueyera,Cattle Egret,Garça-vaqueira,Bubulcus ibis,52
204,205,,,Garza Ceniza,Great Blue Heron,Garça-azul-grande,Ardea herodias,21
205,206,,,Garza Mora,Cocoi Heron,Garça-moura,Ardea cocoi,20
206,207,,,Garza Blanca,Great White Egret,Garça-branca-grande,Ardea alba,33
207,208,,,Garcita Real,Capped Heron,Garça-real,Pilherodius pileatus,4
208,209,,,Garceta Tricolor,Tricolored Heron,Garça-tricolor,Egretta tricolor,8
209,210,,,Garza Azul,Little Blue Heron,Garça-azul,Egretta caerulea,9
210,211,,,Garcita Blanca,Snowy Egret,Garça-branca-pequena,Egretta thula,29
211,212,,Pelecanidae,Pelícano Pardo,Brown Pelican,Pelicano-pardo,Pelecanus occidentalis,86
212,213,,,Pelícano Peruano,Peruvian Pelican,,Pelecanus thagus,11
213,214,Suliformes,Fregatidae,,,,Fregata sp.,10
214,215,,,Ave Fragata Pelágica,Great Frigatebird,Tesourão-grande,Fregata minor,12
215,216,,,Ave Fragata,Magnificent Frigatebird,Fragata,Fregata magnificens,87
216,217,,Sulidae,,,,Sula sp.,2
217,218,,,Piquero Patas Rojas,Red-footed Booby,Atobá-de-pé-vermelho,Sula sula,10
218,219,,,Piquero Pardo,Brown Booby,Atobá-pardo,Sula leucogaster,3
219,220,,,Piquero Patas Azules,Blue-footed Booby,,Sula nebouxii,82
220,221,,,Piquero Peruano,Peruvian Booby,,Sula variegata,4
221,222,,,Piquero de Nazca,Nazca Booby,,Sula granti,35
222,223,,Phalacrocoracidae,Guanay,Guanay Cormorant,,Leucocarbo bougainvilliorum,1
223,224,,,Biguá,Neotropical Cormorant,Biguá,Nannopterum brasilianum,21
224,225,,,Cormorán Mancón,Flightless Cormorant,,Nannopterum harrisi,1
225,226,,Anhingidae,Aninga,Anhinga,Biguatinga,Anhinga anhinga,13
226,227,Charadriiformes,Haematopodidae,Ostrero Común,American Oystercatcher,Piru-piru,Haematopus palliatus,11
227,228,,Recurvirostridae,Tero Real,Black-winged Stilt,Pernilongo-de-costas-brancas,Himantopus himantopus,25
228,229,,Charadriidae,Chorlo Ártico,Grey Plover,Batuiruçu-de-axila-preta,Pluvialis squatarola,9
229,230,,,Chorlo Cabezón,Tawny-throated Dotterel,Batuíra-de-papo-ferrugíneo,Oreopholus ruficollis,1
230,231,,,Chorlito Palmado,Semipalmated Plover,Batuíra-de-bando,Charadrius semipalmatus,13
231,232,,,Frailecillo de Wilson,Wilson´s Plover,Batuíra-bicuda,Charadrius wilsonia,2
232,233,,,Fraile,Killdeer,,Charadrius vociferus,6
233,234,,,Chorlo Nevado,Snowy Plover,,Charadrius nivosus,4
234,235,,,Chorlito de Collar,Collared Plover,Batuíra-de-coleira,Charadrius collaris,3
235,236,,,Tero Común,Southern Lapwing,Quero-quero,Vanellus chilensis,7
236,237,,,Tero Serrano,Andean Lapwing,,Vanellus resplendens,5
237,238,,Thinocoridae,Agachona Grande,Rufous-bellied Seedsnipe,,Attagis gayi,1
238,239,,Jacanidae,Jacana,Wattled Jacana,Jaçanã,Jacana jacana,11
239,240,,Scolopacidae,Playero Trinador,Whimbrel,Maçarico-galego,Numenius phaeopus,24
240,241,,,Vuelvepiedras,Ruddy Turnstone,Vira-pedras,Arenaria interpres,30
241,242,,,Playero de Rompiente,Surfbird,,Calidris virgata,1
242,243,,,Playerito Zancudo,Stilt Sandpiper,Maçarico-pernilongo,Calidris himantopus,2
243,244,,,Playerito Blanco,Sanderling,Maçarico-branco,Calidris alba,15
244,245,,,Playerito Menor,Least Sandpiper,Maçariquinho,Calidris minutilla,10
245,246,,,Playerito Rabadilla Blanca,White-rumped Sandpiper,Maçarico-de-sobre-branco,Calidris fuscicollis,1
246,247,,,Playerito Enano,Semipalmated Sandpiper,Maçarico-rasteirinho,Calidris pusilla,5
247,248,,,Playerito de Alaska,Western Sandpiper,,Calidris mauri,3
248,249,,,Becasa Gris,Short-billed Dowitcher,Maçarico-de-costas-brancas,Limnodromus griseus,2
249,250,,,Falaropo Común,Wilson´s Phalarope,Pisa-n´água,Phalaropus tricolor,3
250,251,,,Falaropo Pico Fino,Red-necked Phalarope,,Phalaropus lobatus,2
251,252,,,Falaropo Pico Grueso,Red Phalarope,Falaropo-de-bico-grosso,Phalaropus fulicarius,3
252,253,,,Playerito Manchado,Spotted Sandpiper,Maçarico-pintado,Actitis macularius,29
253,254,,,Playero de Alaska,Wandering Tattler,,Tringa incana,10
254,255,,,Playero Ala Blanca,Willet,Maçarico-de-asa-branca,Tringa semipalmata,5
255,256,,,Pitotoy Chico,Lesser Yellowlegs,Maçarico-de-perna-amarela,Tringa flavipes,5
256,257,,,Pitotoy Grande,Greater Yellowlegs,Maçarico-grande-de-perna-amarela,Tringa melanoleuca,5
257,258,,Laridae,Gaviotín de San Félix,Brown Noddy,Trinta-réis-escuro,Anous stolidus,30
258,259,,,Gaviota de Cola Bifurcada,Swallow-tailed Gull,,Creagrus furcatus,21
259,260,,,Gaviota de Sabine,Sabine´s Gull,Gaivota-de-sabine,Xema sabini,2
260,261,,,Gaviota de Bonaparte,Bonaparte´s Gull,,Larus philadelphia,1
261,262,,,Gaviota Andina,Andean Gull,,Larus serranus,4
262,263,,,Gaviota Capucho Gris,Grey-headed Gull,Gaivota-de-cabeça-cinza,Larus cirrocephalus,7
263,264,,,Gaviota Garuma,Grey Gull,,Larus modestus,6
264,265,,,Gaviota Chica,Franklin´s Gull,Gaivota-de-franklin,Larus pipixcan,7
265,266,,,Gaviota Reidora Americana,Laughing Gull,Gaivota-alegre,Larus atricilla,14
266,267,,,Gaviota de Lava,Lava Gull,,Larus fuliginosus,39
267,268,,,Gaviota Cocinera,Kelp Gull,Gaivotão,Larus dominicanus,8
268,269,,,Gaviotín Chico Boreal,Least Tern,Trinta-réis-miúdo,Sternula antillarum,1
269,270,,,Atí,Large-billed Tern,Trinta-réis-grande,Phaetusa simplex,2
270,271,,,Gaviotín Pico Grueso,Common Gull-billed Tern,Trinta-réis-de-bico-preto,Gelochelidon nilotica,1
271,272,,,Zarcillo,Inca Tern,,Larosterna inca,1
272,273,,,Gaviotín Negro,Black Tern,Trinta-réis-negro,Chlidonias niger,2
273,274,,,Gaviotín Sudamericano,South American Tern,Trinta-réis-de-bico-vermelho,Sterna hirundinacea,1
274,275,,,Gaviotín Golondrina,Common Tern,Trinta-réis-boreal,Sterna hirundo,5
275,276,,,Gaviotín Elegante,Elegant Tern,,Thalasseus elegans,8
276,277,,,Gaviotín Pico Amarillo,Sandwich Tern,,Thalasseus sandvicensis,6
277,278,,,Gaviotín Real,Royal Tern,Trinta-réis-real,Thalasseus maximus,12
278,279,,Stercorariidae,Salteador Parásito,Arctic Jaeger,Mandrião-parasítico,Stercorarius parasiticus,2
279,280,,,Salteador Pomarino,Pomarine Jaeger,Mandrião-pomarino,Stercorarius pomarinus,1
280,281,Cathartiformes,Cathartidae,Jote Cabeza Colorada,Turkey Vulture,Urubu-de-cabeça-vermelha,Cathartes aura,44
281,282,,,Aura Selvática,Greater Yellow-headed Vulture,Urubu-da-mata,Cathartes melambrotus,7
282,283,,,Jote Cabeza Negra,American Black Vulture,Urubu-preto,Coragyps atratus,50
283,284,,,Jote Real,King Vulture,Urubu-rei,Sarcoramphus papa,5
284,285,,,Cóndor Andino,Andean Condor,Condor-dos-andes,Vultur gryphus,3
285,286,Accipitriformes,Pandionidae,Águila Pescadora,Osprey,Águia-pescadora,Pandion haliaetus,13
286,287,,Elanidae,Milano Chico,Pearl Kite,Gaviãozinho,Gampsonyx swainsonii,4
287,288,,,Milano Blanco,White-tailed Kite,Gavião-peneira,Elanus leucurus,5
288,289,,Accipitridae,Milano Pico Garfio,Hook-billed Kite,Caracoleiro,Chondrohierax uncinatus,10
289,290,,,Milano Tijereta,Swallow-tailed Kite,Gavião-tesoura,Elanoides forficatus,13
290,291,,,Águila Monera,Crested Eagle,Uiraçu-falso,Morphnus guianensis,1
291,292,,,Águila Harpía,Harpy Eagle,Gavião-real,Harpia harpyja,1
292,293,,,Águila Poma,Black-and-chestnut Eagle,,Spizaetus isidori,2
293,294,,,Gavilán Gorgirrayado,Double-toothed Kite,Gavião-ripina,Harpagus bidentatus,2
294,295,,,Gavilán Patas Largas,Crane Hawk,Gavião-pernilongo,Geranospiza caerulescens,1
295,296,,,Milano Plomizo,Plumbeous Kite,Sovi,Ictinia plumbea,4
296,297,,,Caracolero,Snail Kite,Gavião-caramujeiro,Rostrhamus sociabilis,12
297,298,,,Taguató Común,Roadside Hawk,Gavião-carijó,Rupornis magnirostris,22
298,299,,,Gavilán Mixto,Harris´s Hawk,Gavião-asa-de-telha,Parabuteo unicinctus,6
299,300,,,Gavilán Pizarroso,Slate-colored Hawk,Gavião-azul,Buteogallus schistaceus,2
300,301,,,Gavilán Cangrejero,Common Black Hawk,Gavião-caranguejeiro-negro,Buteogallus anthracinus,2
301,302,,,Aguilucho Colorado,Savanna Hawk,Gaviao-caboclo,Buteogallus meridionalis,4
302,303,,,Águila Negra,Great Black Hawk,Gaviao-preto,Buteogallus urubitinga,1
303,304,,,,Barred Hawk,,Morphnarchus princeps,2
304,305,,,Aguilucho Común,Variable Hawk,Gavião-de-costas-vermelhas,Geranoaetus polyosoma,7
305,306,,,Águila Mora,Black-chested Buzzard-eagle,águia-chilena,Geranoaetus melanoleucus,5
306,307,,,,Grey-backed Hawk,,Pseudastur occidentalis,2
307,308,,,Aguilucho Gris,Grey-lined Hawk,Gavião-pedrês,Buteo nitidus,4
308,309,,,Aguilucho Alas Anchas,Broad-winged Hawk,Gavião-de-asa-larga,Buteo platypterus,1
309,310,,,Busardo de las Galápagos,Galapagos Hawk,,Buteo galapagoensis,10
310,311,Trogoniformes,Trogonidae,Quetzal Cabecidorado,Golden-headed Quetzal,,Pharomachrus auriceps,12
311,312,,,Quetzal Crestado,Crested Quetzal,,Pharomachrus antisianus,2
312,313,,,Trogón Ecuatoriano,Ecuadorian Trogon,,Trogon mesurus,5
313,314,,,Trogón Colinegro,Black-tailed Trogon,Surucuá-de-cauda-preta,Trogon melanurus,5
314,315,,,Surucuá de Panza Amarilla,Green-backed Trogon,Surucuá-grande-de-barriga-amarela,Trogon viridis,9
315,316,,,Trogon Coliblanco,White-tailed Trogon,,Trogon chionurus,1
316,317,,,Surucuá Violeta Chico,Violaceous Trogon,Surucuá-violáceo,Trogon violaceus,4
317,318,,,Surucuá Aurora,Blue-crowned Trogon,Surucuá-de-barriga-vermelha,Trogon curucui,3
318,319,,,Trogon Collarejo,Collared Trogon,Surucuá-de-coleira,Trogon collaris,6
319,320,,,Trogon Enmascarado,Masked Trogon,Surucuá-mascarado,Trogon personatus,13
320,321,Coraciiformes,Momotidae,,Whooping Motmot,,Momotus subrufescens,8
321,322,,,Burgo,Amazonian Motmot,Udu-de-coroa-azul,Momotus momota,1
322,323,,,Momoto Serrano,Highland Motmot,,Momotus aequatorialis,2
323,324,,,Momoto Canelo Mayor,Rufous Motmot,Juruva-ruiva,Baryphthengus martii,7
324,325,,,Momoto Picoancho,Broad-billed Motmot,Udu-de-bico-largo,Electron platyrhynchum,2
325,326,,Alcedinidae,Martín Pescador Grande,Ringed Kingfisher,Martim-pescador-grande,Megaceryle torquata,18
326,327,,,Martín Pescador Mediano,Amazon Kingfisher,Martim-pescador-verde,Chloroceryle amazona,4
327,328,,,Martín Pescador Enano,American Pygmy-kingfisher,Martinho,Chloroceryle aenea,3
328,329,,,Martín Pescador Chico,Green Kingfisher,Martim-pescador-pequeno,Chloroceryle americana,20
329,330,,,Martín Pescador Rojizo,Green-and-rufous Kingfisher,Martim-pescador-da-mata,Chloroceryle inda,2
330,331,Falconiformes,Falconidae,Guaicurú,Laughing Falcon,Acauã,Herpetotheres cachinnans,6
331,332,,,Halcón Montés Chico,Barred Forest-falcon,Falcão-caburé,Micrastur ruficollis,3
332,333,,,Halcón Montés Grande,Collared Forest-falcon,Falcão-relógio,Micrastur semitorquatus,2
333,334,,,Carancho,Crested Caracara,Carcará,Caracara plancus,8
334,335,,,Caracara Gorgirrojo,Red-throated Caracara,Gralhão,Ibycter americanus,2
335,336,,,Caracara Carunculado,Carunculated Caracara,,Phalcoboenus carunculatus,3
336,337,,,Chimachima,Yellow-headed Caracara,Carrapateiro,Milvago chimachima,2
337,338,,,Caracara Negro,Black Caracara,Gavião-de-anta,Daptrius ater,6
338,339,,,Halconcito Colorado,American Kestrel,Quiriquiri,Falco sparverius,15
339,340,,,Halcón Negro Chico,Bat Falcon,Cauré,Falco rufigularis,4
340,341,,,Halcón Peregrino,Peregrine Falcon,Falcão-peregrino,Falco peregrinus,4
341,342,Psittaciformes,Psittacidae,Catita Barrada,Barred Parakeet,,Bolborhynchus lineola,1
342,343,,,Periquito Aliblanco,White-winged Parakeet,Periquito-de-asa-branca,Brotogeris versicolurus,10
343,344,,,Catita Macareña,Grey-cheeked Parakeet,,Brotogeris pyrrhoptera,14
344,345,,,Catita Aliazul,Cobalt-winged Parakeet,Periquito-de-asa-azul,Brotogeris cyanoptera,3
345,346,,,,Rose-faced Parrot,,Pyrilia pulchra,1
346,347,,,Lorito Carinaranja,Orange-cheeked Parrot,Curica-de-bochecha-laranja,Pyrilia barrabandi,1
347,348,,,Loro Piquirrojo,Red-billed Parrot,,Pionus sordidus,8
348,349,,,Loro Cabeciazul,Blue-headed Parrot,Maitaca-de-cabeça-azul,Pionus menstruus,6
349,350,,,Loro Alibronceado,Bronze-winged Parrot,,Pionus chalcopterus,13
350,351,,,,Lilacine Amazon,,Amazona lilacina,1
351,352,,,Loro Nuca Escamada,Scaly-naped Amazon,,Amazona mercenarius,1
352,353,,,Loro Harinoso Amazónico,Southern Mealy Amazon,Papagaio-moleiro,Amazona farinosa,2
353,354,,,Amazona Alinaranja,Orange-winged Amazon,Curica,Amazona amazonica,8
354,355,,,Cotorrita Celestial,Pacific Parrotlet,,Forpus coelestis,29
355,356,,,,Black-headed Parrot,Marianinha-de-cabeça-preta,Pionites melanocephalus,5
356,357,,,Cotorra Colinegra,Maroon-tailed Parakeet,Tiriba-fura-mata,Pyrrhura melanura,5
357,358,,,Cotorra Cuelliblanca,White-necked Parakeet,,Pyrrhura albipectus,1
358,359,,,Lorita Pico Negro,Dusky-headed Parakeet,Periquito-de-cabeça-suja,Aratinga weddellii,1
359,360,,,Guacamayo Azulamarillo,Blue-and-yellow Macaw,Arara-canindé,Ara ararauna,7
360,361,,,Guacamayo Verde,Military Macaw,,Ara militaris,2
361,362,,,Guacamayo Macao,Scarlet Macaw,Araracanga,Ara macao,3
362,363,,,Guacamayo Severo,Chestnut-fronted Macaw,Maracanã-guaçu,Ara severus,6
363,364,,,Aratinga de Guayaquil,Red-masked Parakeet,,Psittacara erythrogenys,16
364,365,,,Calancate Ala Roja,White-eyed Parakeet,Periquitão-maracanã,Psittacara leucophthalmus,4
365,366,Passeriformes,Thamnophilidae,Hormiguerito del Pacífico,Pacific Antwren,,Myrmotherula pacifica,2
366,367,,,Hormiguerito Pechilistado,Stripe-chested Antwren,,Myrmotherula longicauda,1
367,368,,,Hormiguerito Pizarroso,Slaty Antwren,,Myrmotherula schisticolor,4
368,369,,,Hormiguerito Alilargo,Long-winged Antwren,Choquinha-de-asa-comprida,Myrmotherula longipennis,1
369,370,,,,Plain-throated Antwren,Choquinha-de-garganta-clara,Isleria hauxwelli,1
370,371,,,Choca Amarilla,Plain Antvireo,Choquinha-lisa,Dysithamnus mentalis,4
371,372,,,Hormiguerito Pechiamarillo,Yellow-breasted Antwren,,Herpsilochmus axillaris,3
372,373,,,Tiluchi Alirufo Norteño,Northern Rufous-winged Antwren,,Herpsilochmus scapularis,2
373,374,,,Chororó,Great Antshrike,Choró-boi,Taraba major,6
374,375,,,Batará de Chapman,Chapman´s Antshrike,,Thamnophilus zarumae,1
375,376,,,Batará Vermiculado,Lined Antshrike,,Thamnophilus tenuepunctatus,5
376,377,,,,Collared Antshrike,,Thamnophilus bernardi,10
377,378,,,Pizarroso Occidental,Black-crowned Antshrike,,Thamnophilus atrinucha,2
378,379,,,Batará Alillano,Plain-winged Antshrike,Choca-de-olho-vermelho,Thamnophilus schistaceus,1
379,380,,,Batará murino,Mouse-colored Antshrike,Choca-murina,Thamnophilus murinus,1
380,381,,,Batará Unicolor,Uniform Antshrike,,Thamnophilus unicolor,2
381,382,,,,Blackish Antbird,,Cercomacroides nigrescens,1
382,383,,,Hormiguero Negro,Black Antbird,Chororó-preto,Cercomacroides serva,1
383,384,,,Hormiguero Cejiamarillo,Yellow-browed Antwarbler,Cantador-amarelo,Hypocnemis hypoxantha,1
384,385,,,Hormiguero Dorsiescamado,Common Scale-backed Antbird,Rendadinho,Willisornis poecilinotus,2
385,386,,,Hormiguero Caripelado,Black-spotted Bare-eye,Mãe-de-taoca,Phlegopsis nigromaculata,1
386,387,,,Hormiguero Cresticanoso,Hairy-crested Antbird,Mãe-de-taoca-cabeçuda,Rhegmatorhina melanosticta,2
387,388,,,,Spot-backed Antbird,Guarda-floresta,Hylophylax naevius,1
388,389,,,,Dot-backed Antbird,Guarda-várzea,Hylophylax punctulatus,2
389,390,,,Hormiguero Plateado,Silvered Antbird,Papa-formiga-do-igarapé,Sclateria naevia,2
390,391,,,Hormiguero Plomizo,Plumbeous Antbird,Formigueiro-chumbo,Myrmelastes hyperythrus,1
391,392,,,,Spot-winged Antbird,Formigueiro-de-asa-pintada,Myrmelastes leucostigma,1
392,393,,,Hormiguero Carinegro,Black-faced Antbird,Formigueiro-de-cara-preta,Myrmoborus myotherinus,5
393,394,,,Ojo-de-Fuego Dorsiblanco,White-backed Fire-eye,Papa-taoca,Pyriglena leuconota,3
394,395,,,Hormiguero Caponiblanco,White-shouldered Antbird,Formigueiro-grande,Akletos melanoceps,1
395,396,,,,Zeledon´s Antbird,,Hafferia zeledoni,2
396,397,,Melanopareiidae,Pecholuna Elegante,Elegant Crescentchest,,Melanopareia elegans,8
397,398,,Grallariidae,Gralaria Ondulada,Undulated Antpitta,,Grallaria squamigera,1
398,399,,,Gralaria Gigante,Giant Antpitta,,Grallaria gigantea,2
399,400,,,Tororoí Bigotudo,Moustached Antpitta,,Grallaria alleni,3
400,401,,,Tororoi Dorsiescamado,Scaled Antpitta,Tovacuçu-corujinha,Grallaria guatimalensis,2
401,402,,,Gralaria Dorsillana,Plain-backed Antpitta,,Grallaria haplonota,6
402,403,,,Tororoí Comprapán,Chestnut-crowned Antpitta,,Grallaria ruficapilla,10
403,404,,,Gralaria Matorralera,Watkins´s Antpitta,,Grallaria watkinsi,1
404,405,,,Tororoí Jocotoco,Jocotoco Antpitta,,Grallaria ridgelyi,1
405,406,,,Gralaria Nuquicastaña,Chestnut-naped Antpitta,,Grallaria nuchalis,1
406,407,,,Tororoí Pechiamarillo,Yellow-breasted Antpitta,,Grallaria flavotincta,5
407,408,,,Gralaria Ventriblanca,White-bellied Antpitta,,Grallaria hypoleuca,1
408,409,,,Tororoí Flautista,Rufous Antpitta,,Grallaria rufula,2
409,410,,,Gralaria Leonada,Tawny Antpitta,,Grallaria quitensis,5
410,411,,,Tororoi Piquigualdo,Ochre-breasted Antpitta,,Grallaricula flavirostris,8
411,412,,Rhinocryptidae,Tapaculo Celado,Ocellated Tapaculo,,Acropternis orthonyx,3
412,413,,,Tapacola Cenizo,Ash-colored Tapaculo,,Myornis senilis,1
413,414,,,Tapaculo Negruzco,Blackish Tapaculo,,Scytalopus latrans,1
414,415,,,Churrín Coroniblanco Nórdico,White-crowned Tapaculo,,Scytalopus atratus,2
415,416,,,Churrín de Spillmann,Spillmann´s Tapaculo,,Scytalopus spillmanni,1
416,417,,Formicariidae,Gallito Hormiguero Pechicastaño,Rufous-breasted Antthrush,,Formicarius rufipectus,3
417,418,,,Tovaca Común,Short-tailed Antthrush,Tovaca-campainha,Chamaeza campanisona,1
418,419,,Furnariidae,,,,Philydor sp.,2
419,420,,,,Western Olivaceous Woodcreeper,,Sittasomus griseus,2
420,421,,,Tarefero,Eastern Olivaceous Woodcreeper,Arapaçu-verde,Sittasomus griseicapillus,3
421,422,,,Trepatroncos Tiranino,Tyrannine Woodcreeper,,Dendrocincla tyrannina,1
422,423,,,Trepatroncos Pardo,Plain-brown Woodcreeper,Arapaçu-pardo,Dendrocincla fuliginosa,8
423,424,,,Trepatroncos Picouña,Wedge-billed Woodcreeper,Arapaçu-bico-de-cunha,Glyphorynchus spirurus,4
424,425,,,Trepatroncos Gorgicanelo,Cinnamon-throated Woodcreeper,Arapaçu-galinha,Dendrexetastes rufigula,1
425,426,,,Trepatroncos Piquilargo,Long-billed Woodcreeper,Arapaçu-de-bico-comprido,Nasica longirostris,1
426,427,,,Trepatroncos Picofuerte,Strong-billed Woodcreeper,Arapaçu-vermelho,Xiphocolaptes promeropirhynchus,9
427,428,,,Trepatroncos Listado,Striped Woodcreeper,Arapaçu-riscado,Xiphorhynchus obsoletus,2
428,429,,,,Tschudi´s Woodcreeper,,Xiphorhynchus chunchotambo,1
429,430,,,Trepador Garganta Amarilla,Lafresnaye´s Woodcreeper,,Xiphorhynchus guttatoides,3
430,431,,,Trepador Pinto,Black-striped Woodcreeper,,Xiphorhynchus lachrymosus,1
431,432,,,Trepador Manchado,Northern Spotted Woodcreeper,,Xiphorhynchus erythropygius,2
432,433,,,,Southern Spotted Woodcreeper,,Xiphorhynchus aequatorialis,6
433,434,,,Trepatroncos Dorsioliva,Olive-backed Woodcreeper,,Xiphorhynchus triangularis,4
434,435,,,Trepador Subesube,Straight-billed Woodcreeper,Arapaçu-de-bico-branco,Dendroplex picus,2
435,436,,,Trepador Pico de Hoz,Brown-billed Scythebill,,Campylorhamphus pusillus,1
436,437,,,Picapalo Colorado,Red-billed Scythebill,Arapaçu-beija-flor,Campylorhamphus trochilirostris,3
437,438,,,Trepador Cabecirrayado,Streak-headed Woodcreeper,Arapaçu-listrado,Lepidocolaptes souleyetii,14
438,439,,,Trepatroncos Montañés,Montane Woodcreeper,,Lepidocolaptes lacrymiger,13
439,440,,,Picolezna Rojizo,Streaked Xenops,Bico-virado-carijó,Xenops rutilus,5
440,441,,,Trepamusgos Barbablanca Panameño,Buffy Tuftedcheek,,Pseudocolaptes lawrencii,1
441,442,,,Barbablanca Rayada,Streaked Tuftedcheek,,Pseudocolaptes boissonneauii,2
442,443,,,Hornero Paticlaro,Pale-legged Hornero,Casaca-de-couro-amarelo,Furnarius leucopus,1
443,444,,,,Pacific Hornero,,Furnarius cinnamomeus,36
444,445,,,Hornero Menor,Lesser Hornero,Joãozinho,Furnarius minor,1
445,446,,,,Chestnut-winged Cinclodes,,Cinclodes albidiventris,6
446,447,,,Remolinera Ecuatoriana,Stout-billed Cinclodes,,Cinclodes excelsior,7
447,448,,,Trepamusgo de Anteojos,Scaly-throated Foliage-gleaner,,Anabacerthia variegaticeps,4
448,449,,,Hojarasquero Montañero,Montane Foliage-gleaner,,Anabacerthia striaticollis,3
449,450,,,Ticotico Rayado,Lineated Foliage-gleaner,,Syndactyla subalaris,3
450,451,,,Ticotico Grande,Buff-fronted Foliage-gleaner,Limpa-folha-de-testa-baia,Dendroma rufa,3
451,452,,,,Ruddy Foliage-gleaner,,Clibanornis rubiginosus,2
452,453,,,Hojarasquero Mediano,Striped Treehunter,,Thripadectes holostictus,1
453,454,,,Trepamusgos Gorrirrayado,Streak-capped Treehunter,,Thripadectes virgaticeps,1
454,455,,,Trepamusgos Piconegro,Black-billed Treehunter,,Thripadectes melanorhynchus,1
455,456,,,Ticotico Gorgiclaro,Ochre-throated Foliage-gleaner,Barranqueiro-camurça,Automolus ochrolaemus,1
456,457,,,Subepalo Moteado,Spotted Barbtail,,Premnoplex brunnescens,1
457,458,,,Ticotico Goteado,Pearled Treerunner,,Margarornis squamiger,5
458,459,,,Tijeral Andino,Andean Tit-spinetail,,Leptasthenura andicola,2
459,460,,,Colaespina Cejiblanca,White-browed Spinetail,,Hellmayrea gularis,1
460,461,,,Canastero Multilistado,Many-striped Canastero,,Asthenes flammulata,4
461,462,,,Espartillero Serrano,Streak-backed Canastero,,Asthenes wyatti,1
462,463,,,,Orange-fronted Plushcrown,João-folheiro,Metopothrix aurantiaca,1
463,464,,,Colagrís Norteño,Double-banded Greytail,,Xenerpestes minlosi,1
464,465,,,Curutié Carirrojo,Red-faced Spinetail,,Cranioleuca erythrops,10
465,466,,,Colaespina Ventriblanca,White-bellied Spinetail,João-de-barriga-branca,Mazaria propinqua,1
466,467,,,Colaespina Cabecinegruzca,Blackish-headed Spinetail,,Synallaxis tithys,2
467,468,,,Chamicero de Antifaz,Rufous Spinetail,,Synallaxis unirufa,2
468,469,,,Colaespina Rojiza,Ruddy Spinetail,João-teneném-castanho,Synallaxis rutilans,1
469,470,,,Colaespina Collareja,Necklaced Spinetail,,Synallaxis stictothorax,3
470,471,,,Arquitecto Plomizo,Slaty Spinetail,,Synallaxis brachyura,4
471,472,,,Colaespina Oscura,Dusky Spinetail,,Synallaxis moesta,1
472,473,,,Colaespina Pechioscura,Dark-breasted Spinetail,João-de-peito-escuro,Synallaxis albigularis,5
473,474,,,Pijuí Ceja Canela,Azara´s Spinetail,,Synallaxis azarae,12
474,475,,Pipridae,Bailarín Blanco,White-bearded Manakin,Rendeira,Manacus manacus,1
475,476,,,Saltarín Cola de alambre,Wire-tailed Manakin,Rabo-de-arame,Pipra filicauda,1
476,477,,,Saltarín Alitorcido,Club-winged Manakin,,Machaeropterus deliciosus,4
477,478,,,,Striolated Manakin,Tangará-riscado,Machaeropterus striolatus,1
478,479,,,Bailarín Corona Blanca,White-crowned Manakin,Cabeça-branca,Pseudopipra pipra,3
479,480,,,Saltarín Cabecidorado,Golden-headed Manakin,Cabeça-de-ouro,Ceratopipra erythrocephala,4
480,481,,,Saltarín Coroniazul,Blue-crowned Manakin,Uirapuru-de-chapéu-azul,Lepidothrix coronata,1
481,482,,,Saltarín Lomiazul,Blue-rumped Manakin,,Lepidothrix isidorei,1
482,483,,,Saltarín Alidorado,Golden-winged Manakin,,Masius chrysopterus,2
483,484,,Cotingidae,Frutero Pechinaranja,Orange-breasted Fruiteater,,Pipreola jucunda,1
484,485,,,Frutero Barreteado,Barred Fruiteater,,Pipreola arcuata,1
485,486,,,Frutero Verdinegro,Green-and-black Fruiteater,,Pipreola riefferii,4
486,487,,,,Olivaceous Piha,,Snowornis cryptolophus,3
487,488,,,Gallo de la Peña Andino,Andean Cock-of-the-rock,,Rupicola peruvianus,17
488,489,,,Cotinga Crestada,Red-crested Cotinga,,Ampelion rubrocristatus,2
489,490,,,Pájaro Toro,Purple-throated Fruitcrow,Anambé-una,Querula purpurata,2
490,491,,,Pájaro-Paraguas Longuipéndulo,Long-wattled Umbrellabird,,Cephalopterus penduliger,2
491,492,,,Pájaro-Paraguas Amazónico,Amazonian Umbrellabird,Anambé-preto,Cephalopterus ornatus,4
492,493,,,Guardabosques Gritón,Screaming Piha,Cricrió,Lipaugus vociferans,1
493,494,,,Piha Oscura,Dusky Piha,,Lipaugus fuscocinereus,2
494,495,,,Cotinga Golipúrpura,Plum-throated Cotinga,Cotinga-azul,Cotinga maynana,2
495,496,,,Cotinga Celeste,Spangled Cotinga,Anambé-azul,Cotinga cayana,1
496,497,,,Cuellopelado,Bare-necked Fruitcrow,Anambé-pombo,Gymnoderus foetidus,3
497,498,,Tityridae,Mosquerito Rabadilla Amarilla,Sulphur-rumped Flycatcher,,Myiobius sulphureipygius,2
498,499,,,Yodopleura Cejiblanca,White-browed Purpletuft,Anambé-de-coroa,Iodopleura isabellae,2
499,500,,,,Western Black-tailed Tityra,Anambé-branco-de-rabo-preto,Tityra cayana,1
500,501,,,Tueré Enmascarado,Masked Tityra,Anambé-branco-de-máscara-negra,Tityra semifasciata,9
501,502,,,Anambé Barrado,Barred Becard,,Pachyramphus versicolor,1
502,503,,,,Yellow-cheeked Becard,Caneleiro-de-cara-amarela,Pachyramphus xanthogenys,1
503,504,,,Cabezón Pizarra,Slaty Becard,,Pachyramphus spodiurus,2
504,505,,,Cabezón Golirrosado,Pink-throated Becard,Caneleiro-pequeno,Pachyramphus minor,1
505,506,,,Cabezón Unicolor,One-colored Becard,,Pachyramphus homochrous,13
506,507,,,Anambé Canelo,Cinnamon Becard,,Pachyramphus cinnamomeus,4
507,508,,,Anambé Común,White-winged Becard,Caneleiro-preto,Pachyramphus polychopterus,4
508,509,,Tyrannidae,,Western White-throated Spadebill,,Platyrinchus albogularis,2
509,510,,,Piquichato Coronirrufo,Golden-crowned Spadebill,Patinho-de-coroa-dourada,Platyrinchus coronatus,1
510,511,,,Orejerito Ecuatoriano,Ecuadorian Tyrannulet,,Phylloscartes gualaquizae,5
511,512,,,Atrapamoscas Variegado,Variegated Bristle-tyrant,,Pogonotriccus poecilotis,1
512,513,,,Orejerito Caripunteado,Marble-faced Bristle-tyrant,,Pogonotriccus ophthalmicus,1
513,514,,,Orejerito de Anteojos,Spectacled Bristle-tyrant,,Pogonotriccus orbitalis,1
514,515,,,Atrapamoscas Estriado,Streak-necked Flycatcher,,Mionectes striaticollis,1
515,516,,,,Olive-striped Flycatcher,,Mionectes galbinus,2
516,517,,,Mosquero Aceitunado,Ochre-bellied Flycatcher,Abre-asa,Mionectes oleagineus,1
517,518,,,Orejero Coronigrís,Slaty-capped Flycatcher,,Leptopogon superciliaris,6
518,519,,,,Western Olivaceous Flatbill,,Rhynchocyclus aequinoctialis,1
519,520,,,Picochato Grande,Yellow-olive Flatbill,Bico-chato-de-orelha-preta,Tolmomyias sulphurescens,2
520,521,,,,Yellow-winged Flatbill,,Tolmomyias flavotectus,1
521,522,,,Pico-ancho De Corona Gris,Grey-crowned Flatbill,Bico-chato-de-cabeça-cinza,Tolmomyias poliocephalus,1
522,523,,,Mosquerito de Yelmo,Scale-crested Pygmy-tyrant,,Lophotriccus pileatus,10
523,524,,,Titirijí Gorginegro,Black-throated Tody-tyrant,,Hemitriccus granadensis,1
524,525,,,Titirijí Manchado,Spotted Tody-flycatcher,Ferreirinho-estriado,Todirostrum maculatum,1
525,526,,,Mosqueta Pico Pala,Common Tody-flycatcher,Ferreirinho-relógio,Todirostrum cinereum,10
526,527,,,Espatulilla Cabecinegra,Black-headed Tody-flycatcher,,Todirostrum nigriceps,2
527,528,,,Espatulilla Cejiamarilla,Yellow-browed Tody-flycatcher,Ferreirinho-de-sobrancelha,Todirostrum chrysocrotaphum,2
528,529,,,,Eastern Ornate Flycatcher,,Myiotriccus phoenicurus,4
529,530,,,Mosquerito Adornado,Western Ornate Flycatcher,,Myiotriccus ornatus,10
530,531,,,,Orange-banded Flycatcher,,Nephelomyias lintoni,1
531,532,,,Birro Chico,Cinnamon Flycatcher,,Pyrrhomyias cinnamomeus,8
532,533,,,Birro Castaño,Cliff Flycatcher,Gibão-de-couro,Hirundinea ferruginea,2
533,534,,,Mosquerito Pico Rojo,Red-billed Tyrannulet,,Zimmerius cinereicapilla,1
534,535,,,Tiranuelo Cejiamarillo,Golden-faced Tyrannulet,,Zimmerius chrysops,5
535,536,,,,Choco Tyrannulet,,Zimmerius albigularis,5
536,537,,,Tiranolete Patitenue,Slender-footed Tyrannulet,Poiaeiro-de-pata-fina,Zimmerius gracilipes,1
537,538,,,,Tawny-fronted Pygmy-tyrant,,Euscarthmus fulviceps,12
538,539,,,,Brown-capped Tyrannulet,,Ornithion brunneicapillus,1
539,540,,,Piojito Silbón,Southern Beardless Tyrannulet,Risadinha,Camptostoma obsoletum,29
540,541,,,Elenia Cachudita,Mottle-backed Elaenia,,Elaenia gigas,4
541,542,,,Fiofío Oscuro,Highland Elaenia,,Elaenia obscura,1
542,543,,,Fiofío Copetón,Yellow-bellied Elaenia,Guaracava-de-barriga-amarela,Elaenia flavogaster,17
543,544,,,Elenia Serrana,Sierran Elaenia,,Elaenia pallatangae,1
544,545,,,Fiofío Silbón,White-crested Elaenia,Guaracava-de-crista-branca,Elaenia albiceps,5
545,546,,,Mosquerito Coroniamarilo,Yellow-crowned Tyrannulet,Maria-te-viu,Tyrannulus elatus,2
546,547,,,Elenita del Pacífico,Pacific Elaenia,,Myiopagis subplacens,4
547,548,,,Fiofío Corona Dorada,Greenish Elaenia,Guaracava-de-crista-alaranjada,Myiopagis viridicata,1
548,549,,,Mosqueta Ceja Amarilla,Yellow Tyrannulet,Marianinha-amarela,Capsiempis flaveola,2
549,550,,,Tiranolete Coronitiznado,Sooty-headed Tyrannulet,Piolhinho-de-cabeça-cinza,Phyllomyias griseiceps,2
550,551,,,Tiranuelo Cabecinegro,Black-capped Tyrannulet,,Phyllomyias nigrocapillus,1
551,552,,,Atrapamoscas Rabadilla Leonada,Tawny-rumped Tyrannulet,,Phyllomyias uropygialis,1
552,553,,,Piojito Pardo,Mouse-colored Tyrannulet,Bagageiro,Phaeomyias murina,5
553,554,,,Tiranolete Gris y Blanco,Grey-and-white Tyrannulet,,Pseudelaenia leucospodia,1
554,555,,,Tiranillo Coliblanco,White-tailed Tyrannulet,,Mecocerculus poecilocercus,3
555,556,,,Tiranillo libandeado,White-banded Tyrannulet,,Mecocerculus stictopterus,2
556,557,,,Tiranillo Alirrufo,Rufous-winged Tyrannulet,,Mecocerculus calopterus,2
557,558,,,Tiranillo Ventriazufrado,Sulphur-bellied Tyrannulet,,Mecocerculus minor,1
558,559,,,Cachudito Pico Negro,Tufted Tit-tyrant,,Anairetes parulus,6
559,560,,,Mosquerito Guardarríos,Torrent Tyrannulet,,Serpophaga cinerea,2
560,561,,,Cachudito Agil,Agile Tit-tyrant,,Uromyias agilis,1
561,562,,,Cazamoscas de Cola Corta,Short-tailed Field-tyrant,,Muscigralla brevicauda,1
562,563,,,Atila Canelo,Cinnamon Attila,Tinguaçu-ferrugem,Attila cinnamomeus,3
563,564,,,Atila Ocráceo,Ochraceous Attila,,Attila torridus,1
564,565,,,Tuquito Chico,Piratic Flycatcher,Bem-te-vi-pirata,Legatus leucophaius,3
565,566,,,Benteveo Común,Great Kiskadee,Bem-te-vi,Pitangus sulphuratus,8
566,567,,,Benteveo Pico Fino,Lesser Kiskadee,Bentevizinho-do-brejo,Philohydor lictor,5
567,568,,,Picabuey,Cattle Tyrant,Suiriri-cavaleiro,Machetornis rixosa,1
568,569,,,Pitanguá,Boat-billed Flycatcher,Neinei,Megarynchus pitangua,28
569,570,,,Benteveo Vientridorado,Golden-bellied Flycatcher,,Myiodynastes hemichrysus,13
570,571,,,Mosquero de Baird,Baird´s Flycatcher,,Myiodynastes bairdii,8
571,572,,,Bienteveo Ventriazufrado,Sulphur-bellied Flycatcher,Bem-te-vi-de-barriga-sulfúrea,Myiodynastes luteiventris,1
572,573,,,,Northern Streaked Flycatcher,Bem-te-vi-rajado,Myiodynastes maculatus,11
573,574,,,Benteveo Ala Rojiza,Rusty-margined Flycatcher,Bentevizinho-de-asa-ferrugínea,Myiozetetes cayanensis,11
574,575,,,Benteveo Mediano,Social Flycatcher,Bentevizinho-de-penacho-vermelho,Myiozetetes similis,35
575,576,,,Mosquero De Gorro Gris,Grey-capped Flycatcher,Bem-te-vi-de-cabeça-cinza,Myiozetetes granadensis,5
576,577,,,Mosquero Cabecianillado,White-ringed Flycatcher,,Conopias albovittatus,4
577,578,,,Mosquero Cejilimón,Lemon-browed Flycatcher,,Conopias cinchoneti,2
578,579,,,Tuquito Gris,Crowned Slaty Flycatcher,Peitica-de-chapéu-preto,Griseotyrannus aurantioatrocristatus,1
579,580,,,Tirano Goliníveo,Snowy-throated Kingbird,,Tyrannus niveigularis,17
580,581,,,Suirirí Real,Tropical Kingbird,Suiriri,Tyrannus melancholicus,55
581,582,,,Suirirí Boreal,Eastern Kingbird,Suiriri-valente,Tyrannus tyrannus,5
582,583,,,Tijereta,Fork-tailed Flycatcher,Tesourinha,Tyrannus savana,1
583,584,,,Plañidero Grisáceo,Greyish Mourner,Vissiá,Rhytipterna simplex,1
584,585,,,Burlisto Corona Negra,Dusky-capped Flycatcher,Maria-cavaleira-pequena,Myiarchus tuberculifer,11
585,586,,,Copetón Coronitiznado,Sooty-crowned Flycatcher,,Myiarchus phaeocephalus,7
586,587,,,Atrapamoscas Montañero,Pale-edged Flycatcher,,Myiarchus cephalotes,1
587,588,,,Papamosca de Galápagos,Galapagos Flycatcher,,Myiarchus magnirostris,39
588,589,,,Yetapá Negro,Long-tailed Tyrant,Viuvinha,Colonia colonus,2
589,590,,,Mosqueta Estriada,Bran-colored Flycatcher,Filipe,Myiophobus fasciatus,3
590,591,,,Mosqueta Pechioliva,Olive-chested Flycatcher,,Myiophobus cryptoxanthus,2
591,592,,,Mosqueta Flavescente,Flavescent Flycatcher,,Myiophobus flavicans,1
592,593,,,Pitajo Ventriamarillo,Yellow-bellied Chat-tyrant,,Silvicultrix diadema,1
593,594,,,Pitajo Torrentero,Slaty-backed Chat-tyrant,,Ochthoeca cinnamomeiventris,2
594,595,,,Pitajo Pecho Rufo,Rufous-breasted Chat-tyrant,,Ochthoeca rufipectoralis,5
595,596,,,Pitajo Ahumado,Brown-backed Chat-tyrant,,Ochthoeca fumicolor,3
596,597,,,Churrinche,Common Vermilion Flycatcher,Príncipe,Pyrocephalus rubinus,22
597,598,,,Churrinche de Galápagos,Little Vermilion Flycatcher,,Pyrocephalus nanus,2
598,599,,,Viudita Enmascarada,Masked Water-tyrant,Lavadeira-mascarada,Fluvicola nengeta,18
599,600,,,Dormilona Chica,Spot-billed Ground-tyrant,,Muscisaxicola maculirostris,4
600,601,,,Dormilona Gorrillana,Plain-capped Ground-tyrant,,Muscisaxicola alpinus,2
601,602,,,Gaucho Serrano,Black-billed Shrike-tyrant,,Agriornis montanus,4
602,603,,,Gaucho Andino,White-tailed Shrike-tyrant,,Agriornis albicauda,2
603,604,,,Birro Grande,Streak-throated Bush-tyrant,,Myiotheretes striaticollis,5
604,605,,,Pitajo Ribereño,Drab Water-tyrant,Maria-da-praia,Ochthornis littoralis,2
605,606,,,Mosquerito Pechigris,Grey-breasted Flycatcher,,Lathrotriccus griseipectus,2
606,607,,,Viudita de Río,Black Phoebe,,Sayornis nigricans,18
607,608,,,Mosquero Verdoso,Acadian Flycatcher,,Empidonax virescens,1
608,609,,,Burlisto Oliváceo,Olive-sided Flycatcher,Piui-boreal,Contopus cooperi,4
609,610,,,Burlisto Copetón,Smoke-colored Pewee,Piui-de-topete,Contopus fumigatus,13
610,611,,,Pibí Occidental,Western Wood-pewee,,Contopus sordidulus,4
611,612,,,Pibí Negruzco,Blackish Pewee,Piui-preto,Contopus nigrescens,1
612,613,,Vireonidae,Juan Chiviro,Rufous-browed Peppershrike,Pitiguari,Cyclarhis gujanensis,15
613,614,,,Verderón Piquinegro,Black-billed Peppershrike,,Cyclarhis nigrirostris,2
614,615,,,Verdillo Oliváceo,Olivaceous Greenlet,,Hylophilus olivaceus,4
615,616,,,Vireón Gorripizarra,Slaty-capped Shrike-vireo,Assobiador-do-castanhal,Vireolanius leucotis,2
616,617,,,Verdillo Menudo,Lesser Greenlet,,Pachysylvia decurtata,1
617,618,,,Vireo Coronipardo,Brown-capped Vireo,,Vireo leucophrys,7
618,619,,,,Red-eyed Vireo,Juruviara-boreal,Vireo olivaceus,13
619,620,,,Chiví Común,Chivi Vireo,Juruviara,Vireo chivi,2
620,621,,Corvidae,Urraquita Turquesa,Turquoise Jay,,Cyanolyca turcosa,11
621,622,,,Colluelo,Violaceous Jay,Gralha-violácea,Cyanocorax violaceus,10
622,623,,,Chara Verde,Green Jay,,Cyanocorax yncas,7
623,624,,,Urraquita Coliblanca,White-tailed Jay,,Cyanocorax mystacalis,3
624,625,,Donacobiidae,Angú,Donacobius,Japacanim,Donacobius atricapilla,3
625,626,,Hirundinidae,,,,Progne sp.,1
626,627,,,Golondrina Rabadilla Canela,Cliff Swallow,Andorinha-de-dorso-acanelado,Petrochelidon pyrrhonota,1
627,628,,,Golondrina Cuellirrufa,Chestnut-collared Swallow,,Petrochelidon rufocollaris,1
628,629,,,Golondrina Tijerita,Barn Swallow,Andorinha-de-bando,Hirundo rustica,1
629,630,,,Golondrina Zapadora,Collared Sand Martin,Andorinha-do-barranco,Riparia riparia,2
630,631,,,Golondrina Bicolor,Tree Swallow,,Tachycineta bicolor,1
631,632,,,Golondrina Ala Blanca,White-winged Swallow,Andorinha-do-rio,Tachycineta albiventer,10
632,633,,,Golondrina Parda,Brown-chested Martin,Andorinha-do-campo,Progne tapera,7
633,634,,,Golondrina Doméstica,Grey-breasted Martin,Andorinha-grande,Progne chalybea,25
634,635,,,Golondrina Ribereña,Southern Rough-winged Swallow,Andorinha-serradora,Stelgidopteryx ruficollis,21
635,636,,,Golondrina Barranquera,Blue-and-white Swallow,Andorinha-pequena-de-casa,Pygochelidon cyanoleuca,39
636,637,,,Golondrina Fajiblanca,White-banded Swallow,Peitoril,Atticora fasciata,6
637,638,,,,White-thighed Swallow,Calcinha-branca,Atticora tibialis,2
638,639,,,Golondrina Plomiza,Brown-bellied Swallow,,Orochelidon murina,6
639,640,,Polioptilidae,Soterillo Picudo,Long-billed Gnatwren,Bico-assovelado,Ramphocaenus melanurus,2
640,641,,,Perlita Tropical,Tropical Gnatcatcher,Balança-rabo-de-chapéu-preto,Polioptila plumbea,21
641,642,,,Perlita Pechipizarra,Slate-throated Gnatcatcher,,Polioptila schistaceigula,1
642,643,,Troglodytidae,Chochín Ruiseñor Sureño,Southern Nightingale-wren,Uirapuru-veado,Microcerculus marginatus,1
643,644,,,Ratona Común,House Wren,Corruira,Troglodytes aedon,44
644,645,,,Ratona Ceja Blanca,Mountain Wren,,Troglodytes solstitialis,4
645,646,,,Ratona Aperdizada,Grass Wren,Corruíra-do-campo,Cistothorus platensis,3
646,647,,,Chochín Ondeado,Fasciated Wren,,Campylorhynchus fasciatus,22
647,648,,,Soterrey Matraquero,Band-backed Wren,,Campylorhynchus zonatus,1
648,649,,,Ratona Grande,Thrush-like Wren,Catatau,Campylorhynchus turdinus,6
649,650,,,,Plain-tailed Wren,,Pheugopedius euophrys,2
650,651,,,Cucarachero Bigotudo Montano,Whiskered Wren,,Pheugopedius mystacalis,4
651,652,,,Cucarachero Coraya,Coraya Wren,Garrinchão-coraia,Pheugopedius coraya,1
652,653,,,,Maranon Wren,,Pheugopedius sclateri,2
653,654,,,Cucarachero Rufo,Rufous Wren,,Cinnycerthia unirufa,1
654,655,,,Cucarachero Sepia,Sharpe´s Wren,,Cinnycerthia olivascens,1
655,656,,,,Superciliated Wren,,Cantorchilus superciliaris,3
656,657,,,Soterrey Castaño,Bay Wren,,Cantorchilus nigricapillus,7
657,658,,,Soterrey de Selva Pechiblanco,White-breasted Wood-wren,Uirapuru-de-peito-branco,Henicorhina leucosticta,2
658,659,,,Soterrey de Selva Pechigrís,Grey-breasted Wood-wren,,Henicorhina leucophrys,11
659,660,,Cinclidae,Mirlo de Agua Gorriblanco,White-capped Dipper,,Cinclus leucocephalus,5
660,661,,Mimidae,Chisco,Long-tailed Mockingbird,,Mimus longicaudatus,12
661,662,,,Cenzontle Tropical,Tropical Mockingbird,Sabiá-da-praia,Mimus gilvus,1
662,663,,,Cucuve de Galápagos,Galapagos Mockingbird,,Mimus parvulus,63
663,664,,,Cucuve de Española,Espanola Mockingbird,,Mimus macdonaldi,7
664,665,,,Cucuve de San Cristóbal,San Cristobal Mockingbird,,Mimus melanotis,30
665,666,,Turdidae,Solitario Andino,Andean Solitaire,,Myadestes ralloides,4
666,667,,,Solitario Negro,Black Solitaire,,Entomodestes coracinus,1
667,668,,,Zorzalito Boreal,Swainson´s Thrush,Sabia-de-oculos,Catharus swainsoni,6
668,669,,,Zorzalito Overo,Sclater´s Nightingale-thrush,,Catharus maculatus,4
669,670,,,Zorzal Sombrío,Slaty-backed Nightingale-thrush,,Catharus fuscater,1
670,671,,,Mirlo de Hauxwell,Hauxwell´s Thrush,Sabiá-bicolor,Turdus hauxwelli,1
671,672,,,Zorzal Collar Blanco,White-necked Thrush,Sabiá-coleira,Turdus albicollis,2
672,673,,,Zorzal Ecuatoriano,Ecuadorian Thrush,,Turdus maculirostris,26
673,674,,,Mirlo Dorsiplomizo,Plumbeous-backed Thrush,,Turdus reevei,4
674,675,,,Zorzal Andino,Chiguanco Thrush,,Turdus chiguanco,2
675,676,,,Zorzal Grande,Great Thrush,,Turdus fuscater,21
676,677,,,Zorzal Negro,Glossy-black Thrush,,Turdus serranus,12
677,678,,,Zorzal de Várzea,Floodplain Thrush,Caraxué-da-várzea,Turdus debilis,9
678,679,,Passeridae,Gorrión Común,House Sparrow,Pardal,Passer domesticus,5
679,680,,Fringillidae,Tangará Bonito,Blue-naped Chlorophonia,Gaturamo-bandeira,Chlorophonia cyanea,1
680,681,,,Tangará Común,Purple-throated Euphonia,Fim-fim,Euphonia chlorotica,1
681,682,,,Eufonia Coroninaranja,Orange-crowned Euphonia,,Euphonia saturata,4
682,683,,,Euphonia Piquigruesa,Thick-billed Euphonia,Gaturamo-de-bico-grosso,Euphonia laniirostris,23
683,684,,,Tangará Cabeza Celeste,Golden-rumped Euphonia,Gaturamo-rei,Euphonia cyanocephala,5
684,685,,,Eufonia Loriblanca,White-lored Euphonia,Gaturamo-verde,Euphonia chrysopasta,1
685,686,,,Eufonia Verdibronceada,Bronze-green Euphonia,,Euphonia mesochrysa,2
686,687,,,Eufonia Ventrinaranja,Orange-bellied Euphonia,Fim-fim-grande,Euphonia xanthogaster,21
687,688,,,Jilguero Aliblanco,Lesser Goldfinch,,Spinus psaltria,2
688,689,,,Cabecitanegra Común,Hooded Siskin,Pintassilgo,Spinus magellanicus,11
689,690,,,,Saffron Siskin,,Spinus siemiradzkii,6
690,691,,,,Olivaceous Siskin,,Spinus olivaceus,1
691,692,,,Jilguero Ventriamarillo,Yellow-bellied Siskin,,Spinus xanthogastrus,2
692,693,,Passerellidae,Cerquero Negrilistado,Black-striped Sparrow,Tico-tico-cantor,Arremonops conirostris,4
693,694,,,Gorrión de Ceja Amarilla,Yellow-browed Sparrow,Cigarrinha-do-campo,Ammodramus aurifrons,9
694,695,,,Clorospingo Oscuro,Dusky Chlorospingus,,Chlorospingus semifuscus,6
695,696,,,Clorospingo Goliamarillo,Yellow-throated Chlorospingus,,Chlorospingus flavigularis,4
696,697,,,Montero Pectoral,Ashy-throated Chlorospingus,,Chlorospingus canigularis,3
697,698,,,Gorrión-montés Collarejo,Chestnut-capped Brush-finch,,Arremon brunneinucha,9
698,699,,,Matorralero de Cabeza Listada,Grey-browed Brush-finch,,Arremon assimilis,1
699,700,,,Chingolo Gorrinegro,Black-capped Sparrow,,Arremon abeillei,5
700,701,,,Cerquero Piquinaranja,Orange-billed Sparrow,,Arremon aurantiirostris,7
701,702,,,Gorrión-montés Cabeciblanco,Pale-naped Brush-finch,,Atlapetes pallidinucha,5
702,703,,,,Choco Brush-finch,,Atlapetes crassus,6
703,704,,,Matorralero Tricolor,Tricolored Brush-finch,,Atlapetes tricolor,2
704,705,,,,Yellow-breasted Brush-finch,,Atlapetes latinuchus,9
705,706,,,Matorralero Aliblanco,White-winged Brush-finch,,Atlapetes leucopterus,6
706,707,,,Chingolo,Rufous-collared Sparrow,Tico-tico,Zonotrichia capensis,31
707,708,,Icteridae,Pecho Colorado Mediano,Red-breasted Blackbird,Polícia-inglesa-do-norte,Leistes militaris,1
708,709,,,Loica Peruana,Peruvian Meadowlark,,Leistes bellicosus,8
709,710,,,Cacique Piquiclaro,Yellow-billed Cacique,Cardeal-do-banhado,Amblycercus holosericeus,1
710,711,,,Conoto Aceituna,Russet-backed Oropendola,Japu-pardo,Psarocolius angustifrons,17
711,712,,,Yapú,Crested Oropendola,Japu,Psarocolius decumanus,10
712,713,,,Cacique Ecuatoriano,Ecuadorian Cacique,,Cacicus sclateri,1
713,714,,,,Scarlet-rumped Cacique,,Cacicus microrhynchus,2
714,715,,,Cacique Lomiescarlata,Subtropical Cacique,,Cacicus uropygialis,2
715,716,,,Cacique Lomiamarillo,Yellow-rumped Cacique,Xexéu,Cacicus cela,33
716,717,,,Arrendajo de Montaña,Mountain Cacique,,Cacicus chrysonotus,3
717,718,,,,Casqued Oropendola,Japu-de-capacete,Cacicus oseryi,1
718,719,,,Bolsero Coliamarillo,Yellow-tailed Oriole,,Icterus mesomelas,15
719,720,,,Oriol Filiblanco,White-edged Oriole,,Icterus graceannae,4
720,721,,,Matico,Orange-backed Troupial,João-pinto,Icterus croconotus,2
721,722,,,Tordo Gigante,Giant Cowbird,Iraúna-grande,Molothrus oryzivorus,3
722,723,,,Tordo Renegrido,Shiny Cowbird,Chupim,Molothrus bonariensis,23
723,724,,,Chivillo,Scrub Blackbird,,Dives warczewiczi,42
724,725,,,Zanate Mexicano,Great-tailed Grackle,,Quiscalus mexicanus,16
725,726,,,Chango Oriolino,Oriole Blackbird,Iratauá-grande,Gymnomystax mexicanus,1
726,727,,Parulidae,,Black-lored Yellowthroat,,Geothlypis auricularis,2
727,728,,,Antifacito Coroniolivo,Olive-crowned Yellowthroat,,Geothlypis semiflava,2
728,729,,,Pitiayumí,Tropical Parula,Mariquita,Setophaga pitiayumi,21
729,730,,,Reinita Gorjinaranja,Blackburnian Warbler,Mariquita-papo-de-fogo,Setophaga fusca,11
730,731,,,Reinita de Manglar,American Yellow Warbler,Mariquita-amarela,Setophaga petechia,159
731,732,,,Arañero Estriado,Blackpoll Warbler,Mariquita-de-perna-clara,Setophaga striata,2
732,733,,,Arañero Cabecinegro,Black-crested Warbler,,Myiothlypis nigrocristata,5
733,734,,,Reinita Lomihabana,Buff-rumped Warbler,Pula-pula-de-cauda-avermelhada,Myiothlypis fulvicauda,4
734,735,,,,Grey-and-gold Warbler,,Myiothlypis fraseri,8
735,736,,,Reinita Coronirroja,Russet-crowned Warbler,,Myiothlypis coronata,8
736,737,,,Reinita Cabecilistada,Three-striped Warbler,,Basileuterus tristriatus,7
737,738,,,Reinita Tribandeada,Three-banded Warbler,,Basileuterus trifasciatus,1
738,739,,,,Canada Warbler,Mariquita-do-canadá,Cardellina canadensis,4
739,740,,,Candelita Plomiza,Slate-throated Whitestart,Mariquita-cinza,Myioborus miniatus,19
740,741,,,Bijirita de Anteojos,Spectacled Whitestart,,Myioborus melanocephalus,7
741,742,,Cardinalidae,Picogrueso Ventriamarillo,Golden Grosbeak,,Pheucticus chrysogaster,31
742,743,,,Rey del Bosque,Black-backed Grosbeak,Rei-do-bosque,Pheucticus aureoventris,1
743,744,,,Picogrueso Pechirrosado,Rose-breasted Grosbeak,,Pheucticus ludovicianus,1
744,745,,,Picogrueso Negro Azulado,Blue-black Grosbeak,,Cyanoloxia cyanoides,2
745,746,,,Reinamora Amazónica,Amazonian Grosbeak,Azulão-da-amazônia,Cyanoloxia rothschildii,1
746,747,,,Tangara Pechiocrácea,Ochre-breasted Tanager,,Habia stolzmanni,2
747,748,,,Piranga Capuchirroja,Red-hooded Tanager,,Piranga rubriceps,1
748,749,,,Tangara Aliblanca,White-winged Tanager,Sanhaçu-de-asa-branca,Piranga leucoptera,6
749,750,,,Tangara Veranera,Summer Tanager,Sanhaçu-vermelho,Piranga rubra,9
750,751,,,Tangará Encinera,Hepatic Tanager,,Piranga hepatica,3
751,752,,Thraupidae,,,,Geospiza sp.,4
752,753,,,,,,Sporophila sp.,1
753,754,,,,,,Tangara sp.,1
754,755,,,Diadema,Plushcap,,Catamblyrhynchus diadema,1
755,756,,,Yal Platero,Band-tailed Sierra-finch,,Corydospiza alaudina,1
756,757,,,Mielero Verde,Green Honeycreeper,Saí-verde,Chlorophanes spiza,4
757,758,,,,Golden-collared Honeycreeper,,Iridophanes pulcherrimus,3
758,759,,,Tangara Cejiescarlata,Scarlet-browed Tanager,,Heterospingus xanthopygius,1
759,760,,,Saíra Dorada,Guira Tanager,Saíra-de-papo-preto,Hemithraupis guira,2
760,761,,,Tersina,Swallow Tanager,Saí-andorinha,Tersina viridis,5
761,762,,,Mielerito Cerúleo,Purple Honeycreeper,Saí-de-perna-amarela,Cyanerpes caeruleus,2
762,763,,,Saí Azul,Blue Dacnis,Saí-azul,Dacnis cayana,3
763,764,,,Dacnis Ventriamarillo,Yellow-bellied Dacnis,Saí-amarela,Dacnis flaviventer,1
764,765,,,Mielero de Cara Negra,Black-faced Dacnis,Saí-de-máscara-preta,Dacnis lineata,6
765,766,,,Pepitero Gris,Amazonian Grey Saltator,Sabiá-gongá,Saltator coerulescens,5
766,767,,,Pepitero Listado,Streaked Saltator,,Saltator striatipectus,17
767,768,,,Pepitero Garganta Canela,Buff-throated Saltator,Tempera-viola,Saltator maximus,18
768,769,,,Saltador Alinegro,Black-winged Saltator,,Saltator atripennis,9
769,770,,,Picurero Cabeza Negra,Black-headed Saltator,,Saltator atriceps,1
770,771,,,Piquigordo de Garganta Blanca,Slate-colored Grosbeak,Bico-encarnado,Saltator grossus,3
771,772,,,Mielero,Bananaquit,Cambacica,Coereba flaveola,23
772,773,,,Semillerito Cariamarillo,Yellow-faced Grassquit,,Tiaris olivaceus,1
773,774,,,Espiguero Pardo,Dull-colored Grassquit,Cigarra-parda,Asemospiza obscura,3
774,775,,,Pinzón Cantor Gris,Grey Warbler-finch,,Certhidea fusca,17
775,776,,,Pinzón Cantor Verde,Green Warbler-finch,,Certhidea olivacea,14
776,777,,,Pinzón Vegetariano,Vegetarian Finch,,Platyspiza crassirostris,8
777,778,,,Pinzón Arbóreo Chico,Small Tree-finch,,Geospiza parvula,26
778,779,,,Pinzón Carpintero,Woodpecker Finch,,Geospiza pallida,7
779,780,,,Pinzón Terrestre Chico,Small Ground-finch,,Geospiza fuliginosa,192
780,781,,,Pinzón Terrestre Mediano,Medium Ground-finch,,Geospiza fortis,51
781,782,,,Pinzón Terrestre Grande,Large Ground-finch,,Geospiza magnirostris,20
782,783,,,Pinzón Terrestre de Española,Espanola Cactus-finch,,Geospiza conirostris,7
783,784,,,Pinzón Cactero Chico,Common Cactus-finch,,Geospiza scandens,33
784,785,,,Volatinero,Blue-black Grassquit,Tiziu,Volatinia jacarina,15
785,786,,,Tangara Crestiflama,Flame-crested Tanager,Tiê-galo,Islerothraupis cristata,1
786,787,,,Tangara Hombriblanca,White-shouldered Tanager,Pipira-de-encontro-branco,Islerothraupis luctuosa,2
787,788,,,Pinzón Carmesí,Crimson-breasted Finch,,Rhodospingus cruentus,13
788,789,,,Tangara Coronidorada,Tawny-crested Tanager,,Chrysocorypha delatrii,3
789,790,,,Tangara Fulva,Fulvous Shrike-tanager,Pipira-parda,Lanio fulvus,1
790,791,,,Frutero Negro,White-lined Tanager,Pipira-preta,Tachyphonus rufus,17
791,792,,,Tangará Enmascarada,Masked Crimson Tanager,Pipira-de-máscara,Ramphocelus nigrogularis,5
792,793,,,Fueguero Oscuro,Silver-beaked Tanager,Pipira-vermelha,Ramphocelus carbo,12
793,794,,,Sangretoro Lomo de Fuego,Flame-rumped Tanager,,Ramphocelus flammigerus,31
794,795,,,Corbatita Garganta Negra,Black Seedeater,,Sporophila corvina,1
795,796,,,,Black-breasted Seedeater,,Sporophila ophthalmica,31
796,797,,,Espiguero del Ecuador,Caqueta Seedeater,Papa-capim-de-caquetá,Sporophila murallae,1
797,798,,,Corbatita Amarillo,Yellow-bellied Seedeater,Baiano,Sporophila nigricollis,16
798,799,,,Semillero Piquigrueso,Thick-billed Seed-finch,,Sporophila funerea,1
799,800,,,Curió,Chestnut-bellied Seed-Finch,Curió,Sporophila angolensis,4
800,801,,,,Large-billed Seed-finch,Bicudinho,Sporophila crassirostris,2
801,802,,,Espiguero Pizarroso,Slate-colored Seedeater,Cigarrinha-do-norte,Sporophila schistacea,1
802,803,,,Espiguero Pico de Loro,Parrot-billed Seedeater,,Sporophila peruviana,8
803,804,,,Espiguero Corbatón,Chestnut-throated Seedeater,,Sporophila telasco,5
804,805,,,Espiguero de Vientre Castaño,Chestnut-bellied Seedeater,Caboclinho-de-peito-castanho,Sporophila castaneiventris,7
805,806,,,Espiguero Menudo,Ruddy-breasted Seedeater,Caboclinho-lindo,Sporophila minuta,1
806,807,,,Hemispungo Capuchigris,Grey-hooded Tanager,,Cnemoscopus rubrirostris,2
807,808,,,Hemispingo Coroninegro,Black-capped Hemispingus,,Kleinothraupis atropileus,3
808,809,,,Buscador Oleaginoso,Oleaginous Hemispingus,,Sphenopsis frontalis,1
809,810,,,Hemispingus de Antifaz,Black-eared Hemispingus,,Sphenopsis melanotis,3
810,811,,,Hemispingo Cejón,Eyebrowed Hemispingus,,Thlypopsis superciliaris,1
811,812,,,Tangara Pechicanela,Rufous-chested Tanager,,Thlypopsis ornata,3
812,813,,,Quinuero Dorsinegro,Stolzmann´s Tanager,,Urothraupis stolzmanni,2
813,814,,,Picocono Coronado,Capped Conebill,,Conirostrum albifrons,3
814,815,,,Saí Grande,Giant Conebill,,Conirostrum binghami,1
815,816,,,Picocono Dorsiazul,Blue-backed Conebill,,Conirostrum sitticolor,3
816,817,,,Mielerito Cinéreo,Cinereous Conebill,,Conirostrum cinereum,8
817,818,,,Sabanero Goliazufrado,Sulphur-throated Finch,,Sicalis taczanowskii,1
818,819,,,Jilguero Dorado,Saffron Finch,Canário-da-terra-verdadeiro,Sicalis flaveola,21
819,820,,,Yal Chico,Ash-breasted Sierra-finch,,Geospizopsis plebejus,3
820,821,,,Yal Plomizo,Plumbeous Sierra-finch,,Geospizopsis unicolor,8
821,822,,,,Streaked Dacnis,,Xenodacnis petersi,1
822,823,,,Piquitodeoro Común,Band-tailed Seedeater,,Catamenia analis,3
823,824,,,Piquitodeoro Grande,Plain-colored Seedeater,,Catamenia inornata,8
824,825,,,Semillero Paramero,Paramo Seedeater,Patativa-da-amazônia,Catamenia homochroa,1
825,826,,,Pinchaflor Azul,Bluish Flowerpiercer,,Diglossa caerulescens,1
826,827,,,Pinchaflor Enmascarado,Masked Flowerpiercer,,Diglossa cyanea,15
827,828,,,Payador Canela,Rusty Flowerpiercer,,Diglossa sittoides,2
828,829,,,Pinchaflor Satinado,Glossy Flowerpiercer,,Diglossa lafresnayii,3
829,830,,,Robanectar,White-sided Flowerpiercer,,Diglossa albilatera,9
830,831,,,Pinchaflor Negro,Black Flowerpiercer,,Diglossa humeralis,13
831,832,,,Tangara Bermellón,Vermilion Tanager,,Calochaetes coccineus,1
832,833,,,Frutero de Collar Dorado,Golden-collared Tanager,,Iridosornis jelskii,2
833,834,,,Tangara Coronidorada,Golden-crowned Tanager,,Iridosornis rufivertex,2
834,835,,,Saíra de Antifaz,Fawn-breasted Tanager,Saíra-viúva,Pipraeidea melanonota,7
835,836,,,,Green-mantled Tanager,,Pipraeidea darwinii,5
836,837,,,Tangara Diadema,Buff-breasted Mountain-tanager,,Dubusia taeniata,2
837,838,,,Azulejo Real,Hooded Mountain-tanager,,Buthraupis montana,4
838,839,,,Azulejo Montañero,Blue-capped Tanager,,Sporathraupis cyanocephala,6
839,840,,,Tangará Lorito,Grass-green Tanager,,Chlorornis riefferii,4
840,841,,,,Black-chested Mountain-tanager,,Cnemathraupis eximia,3
841,842,,,Tangara-Montana Aliazul,Blue-winged Mountain-tanager,,Anisognathus somptuosus,13
842,843,,,Tangara Montana Barbinegra,Black-chinned Mountain-tanager,,Anisognathus notabilis,4
843,844,,,,Scarlet-bellied Mountain-tanager,,Anisognathus lunulatus,8
844,845,,,Tangara Lacrimosa,Lacrimose Mountain-tanager,,Anisognathus lacrymosus,2
845,846,,,Tangara Verde Reluciente,Glistening-green Tanager,,Chlorochrysa phoenicotis,3
846,847,,,Tangara Orejinaranja,Orange-eared Tanager,,Chlorochrysa calliparaea,3
847,848,,,Tangara Dorsimusgosa,Moss-backed Tanager,,Bangsia edwardsi,2
848,849,,,Frutero Overo,Magpie Tanager,Tietinga,Cissopis leverianus,9
849,850,,,Cardenal Bandera Alemana,Red-capped Cardinal,Cardeal-da-amazônia,Paroaria gularis,5
850,851,,,Tangara Golirrufa,Rufous-throated Tanager,,Tangara rufigula,3
851,852,,,Tangara Punteada,Spotted Tanager,Saíra-negaça,Tangara punctata,4
852,853,,,Tangara Ventriamarilla,Yellow-bellied Tanager,Saíra-de-barriga-amarela,Tangara xanthogastra,2
853,854,,,Tangara Nuquidorada,Golden-naped Tanager,,Tangara ruficervix,9
854,855,,,Tangara Doradigris,Grey-and-gold Tanager,,Tangara palmeri,1
855,856,,,Azulejo de Jardín,Blue-grey Tanager,Sanhaço-azul,Tangara episcopus,68
856,857,,,Celestino Oliváceo,Palm Tanager,Sanhaco-do-coqueiro,Tangara palmarum,26
857,858,,,Tangara Capirotada,Black-capped Tanager,,Tangara heinei,6
858,859,,,Tangara Capuchidorada,Golden-hooded Tanager,,Tangara larvata,2
859,860,,,Tangara Cabeciazul,Blue-necked Tanager,Saíra-de-cabeça-azul,Tangara cyanicollis,15
860,861,,,Tángara de Pecho Negro,Masked Tanager,Saíra-mascarada,Tangara nigrocincta,2
861,862,,,Tangara Matorralera,Scrub Tanager,,Tangara vitriolina,6
862,863,,,Tangara Negriazul,Blue-and-black Tanager,,Tangara vassorii,2
863,864,,,Tanagara Mariposa,Beryl-spangled Tanager,,Tangara nigroviridis,6
864,865,,,Tangara Cejiazul,Blue-browed Tanager,,Tangara cyanotis,2
865,866,,,Tangara Verdimetálica,Metallic-green Tanager,,Tangara labradorides,4
866,867,,,Tangara Cabecicastaña,Bay-headed Tanager,Saíra-de-cabeça-castanha,Tangara gyrola,15
867,868,,,Tangara Orejidorada,Golden-eared Tanager,,Tangara chrysotis,6
868,869,,,Tangara Coroniazafrán,Saffron-crowned Tanager,,Tangara xanthocephala,5
869,870,,,Tangara Cara de Fuego,Flame-faced Tanager,,Tangara parzudakii,13
870,871,,,Tangara Verde y Dorada,Green-and-gold Tanager,Saíra-ouro,Tangara schrankii,1
871,872,,,,Golden Tanager,,Tangara aurulenta,26
872,873,,,Tangara Goliplata,Silver-throated Tanager,,Tangara icterocephala,11
873,874,,,Tangara Turquesa,Turquoise Tanager,Saíra-de-bando,Tangara mexicana,3
874,875,,,Tangara del Paraíso,Paradise Tanager,Sete-cores-da-amazônia,Tangara chilensis,5
875,876,,,Tangara Cejiopalina,Opal-crowned Tanager,Saíra-opala,Tangara callophrys,2
876,877,,,Tangara Velia,Opal-rumped Tanager,Saíra-diamante,Tangara velia,1
877,878,Strigiformes,Tytonidae,Lechuza de Campanario,Common Barn-owl,Suindara,Tyto alba,2
878,879,,Strigidae,Mochuelo Ecuatoriano,Cloud-forest Pygmy-owl,,Glaucidium nubicola,1
879,880,,,Caburé Andino,Andean Pygmy-owl,,Glaucidium jardinii,2
880,881,,,Mochuelo del Pacífico,Peruvian Pygmy-owl,,Glaucidium peruanum,17
881,882,,,Lechucita Vizcachera,Burrowing Owl,Coruja-buraqueira,Athene cunicularia,5
882,883,,,Lechuzón Negruzco,Stygian Owl,Mocho-diabo,Asio stygius,1
883,884,,,Lechuzón Orejudo,Striped Owl,Coruja-orelhuda,Asio clamator,1
884,885,,,Lechuzón Campestre,Short-eared Owl,Mocho-dos-banhados,Asio flammeus,3
885,886,,,Alilicucú Común,Tropical Screech-owl,Corujinha-do-mato,Megascops choliba,5
886,887,,,,Peruvian Screech-owl,,Megascops roboratus,2
887,888,,,,Vermiculated Screech-owl,,Megascops vermiculatus,1
888,889,,,Lechuzón Mocho Grande,Spectacled Owl,Murucututu,Pulsatrix perspicillata,7
889,890,,,Lechuzón Acollarado Grande,Band-bellied Owl,,Pulsatrix melanota,2
890,891,,,Lechuza Estriada,Mottled Owl,Coruja-do-mato,Ciccaba virgata,1
891,892,,,Búho Carinegro,Black-and-white Owl,,Ciccaba nigrolineata,2
892,893,,,Lechuza Negra,Black-banded Owl,Coruja-preta,Ciccaba huhula,2
893,894,Piciformes,Galbulidae,Jacamar Orejiblanco,White-eared Jacamar,Ariramba-vermelha,Galbalcyrhynchus leucotis,3
894,895,,,Jacamar Barbiblanco,White-chinned Jacamar,Ariramba-de-barba-branca,Galbula tombacea,2
895,896,,,Jacamar Pechicobrizo,Coppery-chested Jacamar,,Galbula pastazae,2
896,897,,,Jacamar Grande,Great Jacamar,Jacamaraçu,Jacamerops aureus,2
897,898,,Bucconidae,Buco Pinto,Greater Pied Puffbird,Macuru-pintado,Notharchus tectus,1
898,899,,,Buco Barreteado,Barred Puffbird,,Nystalus radiatus,1
899,900,,,Buco Pechiblanco,White-chested Puffbird,Barbudo-pardo,Malacoptila fusca,1
900,901,,,Buco barbon,White-whiskered Puffbird,,Malacoptila panamensis,2
901,902,,,Buco Negrilistado,Black-streaked Puffbird,,Malacoptila fulvogularis,2
902,903,,,Monjito Rayado,Lanceolated Monklet,Macuru-papa-mosca,Micromonacha lanceolata,1
903,904,,,Chacurú Chico,Rusty-breasted Nunlet,Macuru,Nonnula rubecula,1
904,905,,,Bati Bati,Black-fronted Nunbird,Chora-chuva-preto,Monasa nigrifrons,8
905,906,,,Monja Frentiblanca,White-fronted Nunbird,Chora-chuva-de-cara-branca,Monasa morphoeus,1
906,907,,,Monja Piquigualda,Yellow-billed Nunbird,Chora-chuva-de-bico-amarelo,Monasa flavirostris,3
907,908,,,Buco Golondrina,Swallow-winged Puffbird,Urubuzinho,Chelidoptera tenebrosa,1
908,909,,Ramphastidae,Tucán Pico Castaño,Yellow-throated Toucan,,Ramphastos ambiguus,8
909,910,,,Tucán de Cuvier,Cuvier´s Toucan,,Ramphastos cuvieri,7
910,911,,,Tucán del Chocó,Choco Toucan,,Ramphastos brevis,6
911,912,,,,Yellow-ridged Toucan,,Ramphastos culminatus,2
912,913,,,Tucán de Pico Acanalado,Channel-billed Toucan,Tucano-de-bico-preto,Ramphastos vitellinus,1
913,914,,,Tucanete Lomirrojo,Crimson-rumped Toucanet,,Aulacorhynchus haematopygus,12
914,915,,,Tucanete Filicastaño,Chestnut-tipped Toucanet,,Aulacorhynchus derbianus,1
915,916,,,Tucán Andino Piquilaminado,Plate-billed Mountain-toucan,,Andigena laminirostris,12
916,917,,,Tucancillo Collaridorado,Red-billed Toucanet,Saripoca-de-coleira,Selenidera reinwardtii,2
917,918,,,,Humboldt´s Araçari,,Pteroglossus humboldti,7
918,919,,,Arasari Letreado,Lettered Araçari,Araçari-miudinho-de-bico-riscado,Pteroglossus inscriptus,1
919,920,,,,Pale-billed Araçari,,Pteroglossus erythropygius,14
920,921,,,Arasarí Fajado,Chestnut-eared Araçari,Araçari-castanho,Pteroglossus castanotis,5
921,922,,,Arasari Bifajeado,Many-banded Araçari,Araçari-de-cinta-dupla,Pteroglossus pluricinctus,4
922,923,,,Arasarí de Azara,Ivory-billed Araçari,Araçari-de-bico-de-marfim,Pteroglossus azara,2
923,924,,Capitonidae,Barbudo Coronirrojo,Scarlet-crowned Barbet,Capitão-de-coroa,Capito aurovirens,2
924,925,,,Barbudo Frentinaranja,Orange-fronted Barbet,,Capito squamatus,1
925,926,,,Barbudo Dorado,Gilded Barbet,Capitão-de-fronte-dourada,Capito auratus,11
926,927,,,Barbudo de Garganta Limón,Lemon-throated Barbet,Capitão-de-bigode-limão,Eubucco richardsoni,3
927,928,,,Barbudo Cabecirrojo,Red-headed Barbet,,Eubucco bourcierii,16
928,929,,Semnornithidae,Barbudo Tucan,Toucan Barbet,,Semnornis ramphastinus,10
929,930,,Picidae,Telegrafista de Lafresnaye,Lafresnaye´s Piculet,Pica-pau-anão-do-amazonas,Picumnus lafresnayi,4
930,931,,,Telegrafista Ecuatoriano,Ecuadorian Piculet,,Picumnus sclateri,1
931,932,,,Carpintero Poderoso,Powerful Woodpecker,,Campephilus pollens,3
932,933,,,Carpintero Garganta Negra,Crimson-crested Woodpecker,Pica-pau-de-topete-vermelho,Campephilus melanoleucos,6
933,934,,,Carpintero Guayaquileño,Guayaquil Woodpecker,,Campephilus gayaquilensis,10
934,935,,,Carpintero Dorado Común,Golden-green Woodpecker,Pica-pau-dourado-escuro,Piculus chrysochloros,2
935,936,,,Carpintero Dorso Carmesi,Crimson-mantled Woodpecker,,Colaptes rivolii,9
936,937,,,Carpintero de Pecho Punteado,Spot-breasted Woodpecker,Pica-pau-de-peito-pontilhado,Colaptes punctigula,2
937,938,,,Carpintero Dorado Gris,Golden-olive Woodpecker,Pica-pau-oliváceo,Colaptes rubiginosus,17
938,939,,,Carpintero Pechinegro Amazónico,Amazonian Black-breasted Woodpecker,,Celeus occidentalis,1
939,940,,,Carpintero Flavo,Cream-colored Woodpecker,Pica-pau-amarelo,Celeus flavus,1
940,941,,,Carpintero Elegante,Chestnut Woodpecker,Pica-pau-chocolate,Celeus elegans,1
941,942,,,Carpintero Garganta Estriada,Lineated Woodpecker,Pica-pau-de-banda-branca,Hylatomus lineatus,6
942,943,,,Carpintero Penachiamarillo,Yellow-tufted Woodpecker,Benedito-de-testa-vermelha,Melanerpes cruentatus,8
943,944,,,Carpintero Cara Negra,Black-cheeked Woodpecker,,Melanerpes pucherani,8
944,945,,,Carpintero Oliva Oscuro,Smoky-brown Woodpecker,,Leuconotopicus fumigatus,3
945,946,,,Carpintero Culirrrojo,Red-rumped Woodpecker,Pica-pau-de-sobre-vermelho,Veniliornis kirkii,1
946,947,,,Carpintero Dorsiescarlata,Scarlet-backed Woodpecker,,Veniliornis callonotus,10
947,948,,,Carpintero Ventriamarillo,Yellow-vented Woodpecker,,Veniliornis dignus,1
